"species","decimalLatitude","decimalLongitude","wc2.1_2.5m_bio_1","wc2.1_2.5m_bio_2","wc2.1_2.5m_bio_5","wc2.1_2.5m_bio_9","wc2.1_2.5m_bio_12","wc2.1_2.5m_bio_15","wc2.1_2.5m_bio_19","wc2.1_2.5m_elev"
"Diaphorina citri",25.64793,-100.264228,21.9291667938232,14.0409994125366,34.3600006103516,16.9379997253418,685,82.2196807861328,57,590
"Diaphorina citri",21.287304,-157.805841,24.560417175293,7.89212942123413,30.4500007629395,26.0638885498047,964,34.3636322021484,294,34
"Diaphorina citri",25.398521,-100.135168,21.1308326721191,13.2536668777466,33.4599990844727,14.3486661911011,960,83.7969818115234,69,530
"Diaphorina citri",34.122036,-118.00441,18.7035007476807,14.157000541687,32.2120018005371,23.7159996032715,404,101.639831542969,232,106
"Diaphorina citri",34.040808,-118.451614,17.7148323059082,10.103666305542,26.3519992828369,20.6240005493164,333,102.251670837402,194,42
"Diaphorina citri",22.157055,-100.986525,17.7469997406006,14.9233331680298,29.496000289917,15.1459999084473,377,71.70263671875,34,1874
"Diaphorina citri",20.357939,-89.473557,25.6865005493164,14.845666885376,36.7999992370605,23.7153339385986,1119,69.4175643920898,94,35
"Diaphorina citri",34.018458,-118.296263,18.7040004730225,12.210000038147,29.6000003814697,22.5286674499512,359,100.780052185059,208,51
"Diaphorina citri",33.952117,-117.263997,17.7058334350586,16.7656669616699,35.0279998779297,23.9853324890137,352,92.3112564086914,190,510
"Diaphorina citri",33.865806,-118.293589,18.2154998779297,11.0769996643066,28.0400009155273,21.7493343353271,325,102.005767822266,190,20
"Diaphorina citri",18.015401,-63.098572,26.8191661834717,5.90833282470703,31.0799999237061,25.796667098999,1013,37.2046203613281,155,9
"Diaphorina citri",34.152769,-117.62844,16.9933338165283,15.1613330841064,32.9440002441406,23.0386657714844,383,91.547607421875,203,582
"Diaphorina citri",26.267125,-80.188308,24.1315002441406,9.16166687011719,32.7999992370605,19.7299995422363,1552,44.3185081481934,203,9
"Diaphorina citri",34.339593,-119.081242,16.6921672821045,14.1230001449585,28.9120006561279,20.4693336486816,409,106.48046875,243,113
"Diaphorina citri",25.745503,-100.309699,22.453332901001,14.3633337020874,35.0439987182617,17.3626670837402,628,78.8608551025391,57,531
"Diaphorina citri",34.227333,-119.131097,16.818000793457,12.5419998168945,26.492000579834,19.7446670532227,351,105.78630065918,208,27
"Diaphorina citri",22.971877,120.224253,24.1138324737549,7.28233337402344,32.076000213623,19.7600002288818,2348,100.976432800293,108,24
"Diaphorina citri",34.166262,-117.100058,15.3371667861938,15.2103328704834,32.5439987182617,22.2706661224365,434,79.0935974121094,210,1030
"Diaphorina citri",32.562642,-116.868416,17.3274993896484,13.6923332214355,30.996000289917,22.2453327178955,375,87.5747604370117,192,448
"Diaphorina citri",28.352966,-82.658017,22.0301666259766,11.7043333053589,33.0040016174316,19.7693328857422,1335,47.868034362793,241,14
"Diaphorina citri",15.397295,-88.005964,25.9136657714844,10.724666595459,33.923999786377,25.7133331298828,1350,54.9726066589355,204,198
"Diaphorina citri",32.446002,-116.874881,17.5671672821045,13.6110000610352,30.6800003051758,22.1746673583984,279,90.7919158935547,148,213
"Diaphorina citri",33.804934,-117.255026,17.5433330535889,17.9420013427734,36.423999786377,24.2900009155273,359,90.2236480712891,193,535
"Diaphorina citri",19.460258,-98.903785,16.2806663513184,17.2213325500488,27.8279991149902,13.6940002441406,572,91.3457870483398,21,2250
"Diaphorina citri",28.991158,-111.202538,23.0871658325195,19.7749996185303,39.992000579834,25.1553325653076,234,104.942481994629,48,142
"Diaphorina citri",33.235237,-117.228187,17.2845001220703,12.8269996643066,29.2199993133545,21.5106658935547,329,88.4354858398438,172,147
"Diaphorina citri",25.669079,-100.135757,22.3516674041748,14.3319997787476,35.4519996643066,16.9506664276123,742,74.2552261352539,69,426
"Diaphorina citri",26.180032,-98.331067,23.3623332977295,11.9046669006348,36.0240020751953,17.546667098999,570,49.6988487243652,93,36
"Diaphorina citri",34.119406,-117.018855,14.0856666564941,15.0786666870117,31.3719997406006,21.4046669006348,568,79.9378204345703,278,1250
"Diaphorina citri",21.478378,-157.997341,22.4155006408691,7.88899946212769,28.4479999542236,23.7513332366943,1194,53.8509826660156,489,294
"Diaphorina citri",34.128625,-118.105655,18.2303333282471,14.6219997406006,32.5,23.3939990997314,477,103.412826538086,271,234
"Diaphorina citri",34.124129,-118.176076,18.3916664123535,14.0279998779297,31.7959995269775,23.093334197998,447,103.103881835938,258,185
"Diaphorina citri",34.070705,-118.104012,18.6886672973633,13.9879999160767,31.8759994506836,23.4373321533203,414,102.831809997559,239,112
"Diaphorina citri",20.55361,-97.436641,24.0991668701172,9.76300048828125,32.9360008239746,20.656665802002,1190,57.4744567871094,148,68
"Diaphorina citri",4.564811,-75.654001,19.2903327941895,9.59200000762939,24.7399997711182,19.3920001983643,2203,33.2132759094238,712,1567
"Diaphorina citri",23.194014,-106.425857,24.6760425567627,10.3895835876465,33.0749969482422,22.783332824707,827,129.381011962891,32,11
"Diaphorina citri",34.080975,-118.267762,18.8444995880127,12.9370002746582,30.6359996795654,22.9306659698486,390,101.870948791504,224,105
"Diaphorina citri",25.67191,-100.260455,22.6809997558594,14.3946666717529,35.2999992370605,17.5779991149902,688,79.764404296875,60,506
"Diaphorina citri",33.831801,-117.821466,17.9951667785645,12.5543336868286,29.996000289917,22.3633327484131,375,98.7490768432617,212,118
"Diaphorina citri",33.976762,-117.328705,17.8818340301514,16.0416660308838,34.6160011291504,24.0593338012695,349,92.4516830444336,189,456
"Diaphorina citri",25.674606,-100.442319,21.1178340911865,14.3150005340576,33.4480018615723,16.3546657562256,479,85.2214584350586,43,752
"Diaphorina citri",18.966336,-102.067709,25.796501159668,16.2070007324219,37.1839981079102,25.593334197998,872,112.091064453125,32,328
"Diaphorina citri",20.182886,-97.012812,24.1830005645752,9.39799976348877,32.4799995422363,20.6380004882812,1839,48.1371612548828,342,82
"Diaphorina citri",20.947588,-89.621577,26.253999710083,13.3000001907349,36.1520004272461,25.7986679077148,982,69.7790756225586,100,12
"Diaphorina citri",29.917778,-90.109536,20.7320003509521,11.0080003738403,33.3240013122559,17.2099990844727,1590,16.7602291107178,404,5
"Diaphorina citri",27.247533,-82.497455,22.86549949646,11.139666557312,33.1119995117188,18.517333984375,1293,61.8241996765137,189,8
"Diaphorina citri",22.533982,88.364681,26.9376659393311,9.75066661834717,35.923999786377,21.2786674499512,1648,98.6963424682617,42,10
"Diaphorina citri",29.726712,-95.62793,20.5594997406006,11.4549999237061,34.2760009765625,16.5406665802002,1128,20.9422950744629,246,30
"Diaphorina citri",20.723622,-97.390025,23.796667098999,9.36466598510742,32.3199996948242,20.3826675415039,1261,60.3452682495117,161,104
"Diaphorina citri",-22.414902,-47.565139,20.5683326721191,11.6613330841064,28.4160003662109,17.1639995574951,1301,73.8234634399414,79,619
"Diaphorina citri",21.017406,-89.57495,26.105167388916,12.9303340911865,35.7439994812012,25.6393337249756,930,67.6338119506836,104,10
"Diaphorina citri",33.919882,-117.825323,17.2290000915527,13.7819995880127,31.0400009155273,22.0400009155273,436,98.7037658691406,245,307
"Diaphorina citri",33.933193,-117.950099,18.0621662139893,13.1230001449585,30.5440006256104,22.558666229248,407,99.977653503418,231,137
"Diaphorina citri",34.195458,-118.51885,17.8951663970947,14.4589996337891,32.7999992370605,22.9873332977295,385,99.4892959594727,219,230
"Diaphorina citri",33.321989,-117.225932,17.3768329620361,13.7709999084473,30.2999992370605,21.8953323364258,313,87.7786865234375,163,125
"Diaphorina citri",12.148581,-86.162666,26.8479995727539,9.1879997253418,33.9160003662109,26.7600002288818,1351,91.5484619140625,91,58
"Diaphorina citri",24.074336,-99.123933,23.5128326416016,13.9563331604004,36.2960014343262,18.1940002441406,698,71.7964782714844,58,194
"Diaphorina citri",22.32,87.980003,26.3796672821045,8.81599998474121,35.1199989318848,20.6973323822021,1481,98.4809951782227,37,4
"Diaphorina citri",33.970259,-118.212902,18.9441661834717,12.9423332214355,30.5200004577637,23.0120010375977,369,100.797470092773,211,52
"Diaphorina citri",33.801533,-118.325705,17.9951667785645,10.8216667175293,27.503999710083,21.3893337249756,322,101.987075805664,190,25
"Diaphorina citri",33.820989,-117.774949,17.4173336029053,12.6840000152588,29.8719997406006,21.843334197998,392,97.9693298339844,220,196
"Diaphorina citri",21.883703,-102.307965,17.5388336181641,17.0550003051758,30.4160003662109,16.5086669921875,470,105.015106201172,33,1862
"Diaphorina citri",33.978635,-118.266351,18.8250007629395,12.5493335723877,30.0200004577637,22.7679996490479,362,100.553894042969,208,49
"Diaphorina citri",28.896133,-82.575387,21.3513336181641,12.9713335037231,33.2680015563965,18.8540000915527,1361,47.3698959350586,247,9
"Diaphorina citri",33.871001,-118.385965,17.2286109924316,8.70277786254883,25.2866668701172,20.2344436645508,319,100.925750732422,186,34
"Diaphorina citri",34.185595,-118.072942,16.4403343200684,13.5406665802002,31.4400005340576,22.4026660919189,481,92.9332962036133,252,772
"Diaphorina citri",33.915301,-118.353277,18.0311660766602,10.3730001449585,27.3920001983643,21.4540004730225,320,102.305854797363,188,24
"Diaphorina citri",18.525751,-70.005733,26.2059993743896,10.7199993133545,32.6520004272461,24.9179992675781,1788,44.4322204589844,222,42
"Diaphorina citri",20.325302,-89.424616,25.6434993743896,14.8336668014526,36.7280006408691,23.6893329620361,1129,68.8286514282227,96,51
"Diaphorina citri",-4.559667,39.129723,26.2373332977295,9.02733325958252,33.3520011901855,27.8333339691162,1115,63.2874374389648,206,50
"Diaphorina citri",34.200323,-118.157766,17.6628322601318,14.6069993972778,32.515998840332,23.1040000915527,466,99.4024276733398,259,385
"Diaphorina citri",34.016636,-118.287933,18.96266746521,12.8020000457764,30.4120006561279,22.9466667175293,373,100.494125366211,213,65
"Diaphorina citri",-6.83,37.650002,24.8209991455078,10.2053337097168,31.9680004119873,22.3899993896484,958,72.5755081176758,40,503
"Diaphorina citri",-6.840444,37.6675,21.8764991760254,9.39433288574219,28.4080009460449,19.5793342590332,1325,70.7270965576172,64,951
"Diaphorina citri",-6.04,39.24,26.2084999084473,8.07900047302246,32.1160011291504,24.5633335113525,1625,77.5404052734375,165,38
"Diaphorina citri",-6.64,39.13,26.0871658325195,9.19766616821289,32.439998626709,24.3600006103516,1021,70.6603851318359,94,63
"Diaphorina citri",-6.71597,38.7372,26.7411670684814,9.19566631317139,33.015998840332,25.0226669311523,1032,74.119499206543,71,54
"Diaphorina citri",-7.61,39.08,25.9473342895508,8.27999973297119,31.3640003204346,24.2566661834717,1090,81.3076705932617,65,111
"Diaphorina citri",-6.746917,37.888,24.7943325042725,9.67399978637695,31.4640007019043,22.4673328399658,1037,66.5984878540039,55,449
"Diaphorina citri",-6.75,37.89,25.0856666564941,9.78333282470703,31.8599987030029,22.7379989624023,1071,66.0848083496094,58,412
"Diaphorina citri",-7.04,37.830002,25.7154998779297,8.79433345794678,31.8039989471436,23.406665802002,1593,64.5885696411133,122,314
"Diaphorina citri",-6.78,37.66,24.9109992980957,10.4586668014526,32.1520004272461,22.441333770752,901,73.6791229248047,35,495
"Diaphorina citri",-6.84406,37.6625,24.2433338165283,9.78733348846436,31.1800003051758,21.8206672668457,1028,73.1716384887695,44,572
"Diaphorina citri",-6.99,37.56,23.1771659851074,9.76499938964844,30.0879993438721,20.7320003509521,1165,77.4454345703125,45,740
"Diaphorina citri",-6.91,37.57,24.5568332672119,10.1870002746582,31.8880004882812,22.0046672821045,1016,75.4905776977539,41,542
"Diaphorina citri",-7,37.57,21.2525005340576,9.36233329772949,27.7560005187988,18.9366664886475,1338,73.7544097900391,50,1056
"Diaphorina citri",34.067592,-118.232095,18.820333480835,13.2580003738403,31.0639991760254,23.1006660461426,403,101.811042785645,231,111
"Diaphorina citri",-5.15,38.86,25.4829998016357,8.73400020599365,32.4959983825684,23.4246673583984,1157,56.9281768798828,182,190
"Diaphorina citri",30.29417,-87.57361,19.8349533081055,9.79953765869141,31.9611110687256,16.3101844787598,1624,22.1297492980957,364,12
"Diaphorina citri",37.929079,23.513327,17.4199657440186,8.04062461853027,31.8374996185303,25.9624996185303,422,66.7753372192383,176,89
"Diaphorina citri",30.3038,-87.52739,19.8723964691162,9.60520839691162,31.9375,16.3666667938232,1622,22.6481800079346,360,12
"Diaphorina citri",25.79,-108.48,24.6494998931885,15.9089994430542,37.3720016479492,22.9139995574951,517,126.435859680176,53,40
"Diaphorina citri",32.1,72.6333,24.0384998321533,14.0050001144409,41.1720008850098,19.1266670227051,395,103.514930725098,48,187
"Diaphorina citri",32.15,73.0167,23.344165802002,13.5336666107178,40.1920013427734,18.4913330078125,410,102.977035522461,54,196
"Diaphorina citri",32.2,72.8,23.5104999542236,13.8283338546753,40.5200004577637,18.5920009613037,402,102.079727172852,51,193
"Diaphorina citri",30.966667,72.483333,24.6420001983643,14.5780000686646,41.7480010986328,19.6079998016357,265,100.71125793457,31,159
"Diaphorina citri",32.27,72.9,23.6674995422363,13.7896671295166,40.7639999389648,18.8059997558594,406,101.112770080566,54,194
"Diaphorina citri",26.301737,-98.163343,23.2953338623047,12.0260000228882,36.1119995117188,17.5100002288818,598,52.0329208374023,98,32
"Diaphorina citri",22.37,114.25,22.2840900421143,5.59696960449219,30.9454555511475,17.2727279663086,2145,77.8820266723633,107,73
"Diaphorina citri",8.39,99.97,27.6264991760254,9.18233299255371,34.0400009155273,27.9166679382324,2118,73.8821411132812,929,7
"Diaphorina citri",30.66,73.099998,24.7601661682129,14.1310005187988,41.2239990234375,19.8346672058105,290,111.294822692871,34,171
"Diaphorina citri",34.049999,-118.470001,17.0648326873779,10.6330003738403,26.8719997406006,20.1259994506836,367,101.62873840332,222,152
"Diaphorina citri",31.82526,72.80274,23.7046661376953,13.9406661987305,40.6559982299805,18.7706661224365,377,106.223999023438,44,180
"Diaphorina citri",9.9408,-84.0247,19.9858341217041,10.7963333129883,26.9160003662109,20.3840007781982,3572,44.7339782714844,756,1303
"Diaphorina citri",13.075,-59.5714,26.96875,6.15416622161865,30.9699993133545,26.218334197998,1607,41.6769638061523,255,34
"Diaphorina citri",1.296,103.7895,26.8881664276123,7.18100023269653,31.1280002593994,27.2046661376953,2375,20.7172241210938,772,22
"Diaphorina citri",4.1753,73.5089,28.5822925567627,4.27916669845581,31.8250007629395,28.6041679382324,1945,39.9972877502441,647,3
"Diaphorina citri",8.2884,73.0627,27.2444438934326,4.83333301544189,30.8999996185303,27.0722217559814,1657,69.9146270751953,256,10
"Diaphorina citri",3.0431,101.4407,27.4631671905518,9.3836669921875,32.6920013427734,27.6193332672119,2257,28.6277179718018,698,8
"Diaphorina citri",22.5474,85.8025,26.1156673431396,11.3739995956421,39.0719985961914,20.1280002593994,1291,115.104194641113,34,227
"Diaphorina citri",21.5222,70.4579,26.6153335571289,11.279333114624,35.6839981079102,23.1853332519531,812,161.737335205078,2,71
"Diaphorina citri",-20.9143,55.6019,23.5343742370605,6.19791650772095,29.1125011444092,22.5229167938232,1560,64.1312255859375,183,53
"Diaphorina citri",-6.6,106.8,25.1156673431396,7.79733324050903,29.7840003967285,25.0386657714844,3619,23.1724872589111,1085,267
"Diaphorina citri",1.2732,103.8465,26.7601184844971,6.78214311599731,30.9571418762207,27.2916660308838,2384,20.5684356689453,786,13
"Diaphorina citri",-7.6145,110.7122,26.2641658782959,8.49633407592773,31.3880004882812,25.8306674957275,2062,62.7609786987305,156,124
"Diaphorina citri",-22.3679,-46.9432,20.4383335113525,11.5533332824707,27.996000289917,17.216667175293,1382,74.9655227661133,85,630
"Diaphorina citri",-20.1465,57.5214,23.9755001068115,6.97166633605957,29.8039989471436,23.0359992980957,1627,55.9332160949707,218,39
"Diaphorina citri",21.2667,78.5833,26.2749996185303,12.720666885376,41.9039993286133,21.3546676635742,988,122.276229858398,36,428
"Diaphorina citri",23.8388,120.9876,16.3508338928223,5.72166633605957,23.1679992675781,12.8813333511353,2312,71.4057388305664,180,1430
"Diaphorina citri",26.2389,73.0243,26.7604999542236,13.154333114624,41.1759986877441,19.4726676940918,416,142.634536743164,9,217
"Diaphorina citri",-9.4816,147.1902,26.8481063842773,8.24242401123047,32.0909080505371,26.0272731781006,1525,54.6696166992188,185,70
"Diaphorina citri",26.1209,85.3647,24.8263339996338,11.6959991455078,36.5639991760254,18.0879993438721,998,120.965362548828,27,55
"Diaphorina citri",26.8453,75.7833,25.420166015625,13.1070003509521,40.0839996337891,17.7746658325195,615,150.811645507812,16,398
"Diaphorina citri",26.3589,91.1329,24.2663345336914,9.32999992370605,31.6240005493164,19.8040008544922,2113,91.9884490966797,36,42
"Diaphorina citri",27.8938,78.0681,25.2901668548584,13.3409996032715,41.1920013427734,28.5166664123535,799,140.924911499023,31,190
"Diaphorina citri",30.3165,78.0322,21.9498329162598,12.3489999771118,36.3720016479492,24.8026676177979,1933,133.282302856445,126,638
"Diaphorina citri",3.1071,101.6083,27.5413341522217,9.44600009918213,32.8199996948242,27.6520004272461,2346,28.4255199432373,683,38
"Diaphorina citri",23.8103,90.4125,26.007833480835,9.45699882507324,34,20.2586669921875,2137,84.998649597168,38,12
"Diaphorina citri",22.3964,114.1095,21.0346660614014,5.90066623687744,29.6639995574951,15.9913330078125,2034,77.0015716552734,105,353
"Diaphorina citri",34.015,71.5805,22.8438339233398,13.2983331680298,40.4879989624023,18.0686664581299,537,57.6585731506348,119,325
"Diaphorina citri",20.6845,78.8395,27.3959999084473,13.2326669692993,43.6520004272461,21.8853340148926,1187,128.810989379883,26,226
"Diaphorina citri",28.2887,129.3874,20.783166885376,4.92500019073486,30.2040004730225,14.4913330078125,2563,34.1248550415039,433,193
"Diaphorina citri",12.9716,77.5946,24.0219993591309,10.2926664352417,33.8279991149902,23.5979995727539,817,86.4239044189453,72,915
"Diaphorina citri",22.993889,87.841389,26.3729991912842,10.7193326950073,36.8160018920898,20.7393321990967,1246,99.2841339111328,34,23
"Diaphorina citri",14.9502,44.2561,17.2016658782959,13.3699998855591,27.4759998321533,14.2653331756592,371,75.7333984375,28,2630
"Diaphorina citri",-13.1893,131.0226,27.1223335266113,12.7986669540405,36.3800010681152,24.3246669769287,1432,111.163414001465,2,98
"Diaphorina citri",12.1696,-68.99,27.6864585876465,6.06875038146973,32.2649993896484,26.8391666412354,546,63.3886489868164,91,37
"Diaphorina citri",23.1292,113.2644,22.238000869751,7.31799983978271,32.515998840332,16.2866668701172,1689,64.8298492431641,152,26
"Diaphorina citri",25.048,-77.3554,25.1543407440186,8.11979198455811,32.4541664123535,22.0166664123535,1279,54.9069900512695,142,9
"Diaphorina citri",15.2,-86.2419,22.257999420166,10.0240001678467,29.8920001983643,22.2986660003662,1335,58.5355262756348,158,965
"Diaphorina citri",-21.13317,55.53241,14.1999998092651,6.2006664276123,21.007999420166,11.826000213623,1643,52.315601348877,220,1763
"Diaphorina citri",-14.32664,-170.82886,26.125415802002,5.31083345413208,29.5149993896484,25.5299987792969,3418,30.7122058868408,581,161
"Diaphorina citri",-14.272988,-170.58499,26.5427093505859,5.35902738571167,29.9416656494141,25.9277782440186,3393,32.2602615356445,569,87
"Diaphorina citri",-14.28962,-170.68767,26.1239032745361,5.38728046417236,29.5368423461914,25.4894733428955,3488,30.0857105255127,560,156
"Diaphorina citri",-14.34895,-170.75926,26.7429695129395,5.53802108764648,30.21875,26.154167175293,3389,31.8185501098633,581,60
"Diaphorina citri",-28.507731,-59.044857,20.6688327789307,10.4596662521362,32.0200004577637,15.449333190918,1058,37.5288581848145,130,50
"Diaphorina citri",-30.985036,-57.919842,19.2409992218018,11.3746671676636,32.1759986877441,13.438666343689,1362,27.9215335845947,207,43
"Diaphorina citri",-23.944207,-64.803149,21.1650009155273,12.2593326568604,32.0320014953613,15.4519996643066,702,92.979866027832,18,479
"Diaphorina citri",-23.43333,-64.16667,22.6173324584961,13.0033340454102,33.8160018920898,16.9106674194336,1033,87.4051208496094,24,308
"Diaphorina citri",13.155833,-59.460833,26.5393333435059,6.15199995040894,30.431999206543,25.826000213623,1602,43.6329956054688,215,108
"Diaphorina citri",13.14517,-59.617539,26.5049991607666,5.7993335723877,30.3640003204346,25.728666305542,1583,44.7626876831055,226,104
"Diaphorina citri",16.811663,-88.401604,25.6159992218018,8.74266624450684,32.015998840332,25.1346664428711,2213,51.5662078857422,379,62
"Diaphorina citri",5.030556,-74.885556,26.9543342590332,10.5819997787476,33.5719985961914,26.9353332519531,2228,43.8455429077148,745,282
"Diaphorina citri",4.354029,-74.863576,27.1876659393311,10.8259992599487,34.1520004272461,27.5653343200684,1870,47.0888404846191,649,372
"Diaphorina citri",4.19532,-75.00753,27.4778327941895,11.0750007629395,34.9080009460449,27.974666595459,1722,44.7896728515625,524,388
"Diaphorina citri",9.748917,-83.753428,17.7150001525879,9.60133361816406,23.6760005950928,17.9473342895508,3373,32.6755332946777,932,1611
"Diaphorina citri",32.454655,-116.916855,17.6726665496826,13.046667098999,29.9680004119873,22.0073337554932,282,92.3157958984375,150,189
"Diaphorina citri",29.072967,-110.955919,23.1208324432373,18.5736656188965,39.568000793457,21.6306667327881,294,109.861206054688,55,237
"Diaphorina citri",21.2073,-99.472267,21.8521671295166,14.0143337249756,33.7999992370605,18.9606666564941,723,80.5392456054688,49,936
"Diaphorina citri",19.429241,-102.084917,17.9270000457764,15.8366670608521,29.0839996337891,17.3693332672119,969,108.506332397461,35,1934
"Diaphorina citri",20.653407,-105.225332,25.754825592041,12.1614036560059,33.5368423461914,24.4649124145508,1053,120.382911682129,35,14
"Diaphorina citri",16.010481,-97.433525,26.5403327941895,11.167332649231,33.3839988708496,24.970666885376,1162,116.052474975586,16,65
"Diaphorina citri",25.790466,-108.985882,25.4659996032715,14.4200000762939,37.3680000305176,24.0566673278809,349,109.722381591797,44,14
"Diaphorina citri",27.482773,-109.930367,24.4953327178955,16.4486656188965,38.4519996643066,22.8813323974609,358,107.502479553223,53,39
"Diaphorina citri",17.830278,-93.391389,26.0865001678467,10.2623329162598,35.0319976806641,27.3793334960938,2285,57.0021781921387,391,35
"Diaphorina citri",22,-98.783333,25.4323329925537,12.5813331604004,36.1839981079102,21.4039993286133,1054,82.4357681274414,76,28
"Diaphorina citri",18.908889,-103.874722,27.1001663208008,14.0930004119873,34.9799995422363,25.1726665496826,829,106.418762207031,31,30
"Diaphorina citri",21.518738,-104.892222,22.0816669464111,16.5299987792969,33.2879981994629,21.6333332061768,1329,125.133781433105,72,958
"Diaphorina citri",18.502535,-88.518226,25.6965007781982,11.1609992980957,33,25.1593341827393,1135,61.8196029663086,144,27
"Diaphorina citri",20.72323,-97.31353,24.1991672515869,9.3043327331543,32.6640014648438,20.6726665496826,1230,61.690788269043,152,16
"Diaphorina citri",20.061513,-97.054526,24.1733341217041,9.77533340454102,32.5800018310547,20.6893329620361,1775,50.8319969177246,283,87
"Diaphorina citri",-26.792362,-55.668964,21.2786674499512,11.8873329162598,31.8040008544922,16.6006660461426,1601,18.1358127593994,310,241
"Diaphorina citri",18.473889,-67.048056,25.0533332824707,12.5599994659424,32.6360015869141,23.4806671142578,1702,34.300952911377,238,105
"Diaphorina citri",18.454893,-66.758134,25.0195007324219,12.6403331756592,32.7120018005371,23.3540000915527,1673,27.5895290374756,257,106
"Diaphorina citri",18.436944,-65.981944,26.3516292572021,9.17789840698242,32.2086944580078,24.7202892303467,1466,30.6710052490234,204,3
"Diaphorina citri",37.169463,-104.500541,10.2636661529541,16.0913333892822,29.6679992675781,0.833333253860474,385,59.3084869384766,33,1905
"Diaphorina citri",-31.401111,-57.973889,18.8913326263428,11.8333339691162,32.2760009765625,12.9553337097168,1332,26.7992382049561,204,25
"Diaphorina citri",32.692651,-114.627692,23.5088329315186,15.4809999465942,41.8040008544922,26.3360004425049,86,55.706844329834,30,44
"Diaphorina citri",32.490834,-114.76772,23.0736675262451,16.521333694458,41.523998260498,26.0799999237061,81,50.1629180908203,28,40
"Diaphorina citri",30.061528,-90.696012,19.9241676330566,11.3050003051758,32.8800010681152,16.2786674499512,1616,14.873215675354,424,6
"Diaphorina citri",32.376735,-80.69475,18.8580875396729,11.0661754608154,32.6411743164062,15.3745098114014,1266,34.6424407958984,261,10
"Diaphorina citri",19.718755,-155.089629,22.6547107696533,8.20869541168213,28.2304344177246,23.6920280456543,2497,32.5538864135742,739,126
"Diaphorina citri",27.800583,-97.396381,22.2708339691162,9.26858997344971,33.7615394592285,15.8589744567871,818,46.0750465393066,135,8
"Diaphorina citri",29.760427,-95.369803,20.9776668548584,11.0473337173462,34.1520004272461,17.2213325500488,1230,21.8486480712891,261,18
"Diaphorina citri",29.209684,-99.786168,20.6105003356934,14.143666267395,35.8559989929199,13.4653329849243,609,40.5514678955078,87,284
"Diaphorina citri",28.461508,-98.549378,21.6296672821045,13.7593336105347,36.7000007629395,14.6146669387817,608,42.3024787902832,95,82
"Diaphorina citri",29.457978,-98.460466,20.7108325958252,12.1669998168945,34.9640007019043,13.7326669692993,790,35.5675849914551,132,214
"Diaphorina citri",7.405528,3.849611,26.8290004730225,9.2413330078125,34.507999420166,27.6093330383301,1293,65.6497192382812,470,182
"Diaphorina citri",7.813972,3.912056,26.40016746521,10.0263328552246,34.7760009765625,27.1226673126221,1195,65.8570709228516,427,291
"Diaphorina citri",7.868167,3.218806,26.5890007019043,10.1233339309692,35.3320007324219,27.5520000457764,1146,66.5878677368164,448,212
"Diaphorina citri",7.546555556,3.445361111,26.7824993133545,9.61100006103516,35.0639991760254,27.7573337554932,1190,63.8819274902344,419,182
"Diaphorina citri",21.137778,-157.094722,24.0903339385986,8.56733322143555,30.7600002288818,25.8233337402344,1069,35.8443260192871,346,115
"Diaphorina citri",20.852222,-156.506944,21.6681671142578,7.31766653060913,27.3239994049072,22.2759990692139,2039,40.0252380371094,673,378
"Diaphorina citri",29.586667,-89.833611,20.5475006103516,9.01633358001709,32.2519989013672,17.4906673431396,1581,18.9051837921143,401,2
"Diaphorina citri",30.063889,-92.216389,20.0310001373291,10.7306661605835,32.8759994506836,16.242000579834,1545,17.8224754333496,374,8
"Diaphorina citri",29.753611,-90.03,20.2975006103516,9.7810001373291,32.4400024414062,16.9693336486816,1596,18.0960540771484,403,4
"Diaphorina citri",30.7525,-88.781667,18.9804992675781,12.2510004043579,32.9440002441406,19.6306667327881,1645,17.4559688568115,426,23
"Diaphorina citri",34.257778,-88.703333,16.5104999542236,12.8570003509521,33.1679992675781,22.0853328704834,1433,21.2417507171631,403,88
"Diaphorina citri",34.513611,-88.638333,15.9581670761108,12.7690000534058,32.7280006408691,21.5906677246094,1458,21.3823165893555,402,116
"Diaphorina citri",33.851111,-81.036667,17.36549949646,13.1643333435059,33.507999420166,12.9493341445923,1170,21.2273025512695,290,64
"Diaphorina citri",33.913889,-79.846667,17.2959995269775,13.5446662902832,33.1359977722168,13.0559997558594,1203,23.4484004974365,285,31
"Diaphorina citri",26.177778,-98.067222,23.0855007171631,11.5203332901001,35.431999206543,20.445333480835,607,51.0535202026367,101,30
"Diaphorina citri",26.336389,-98.337222,23.1336669921875,12.5853338241577,36.3759994506836,17.2253341674805,575,52.1883506774902,92,64
"Diaphorina citri",26.132222,-97.396667,22.6983337402344,9.28933334350586,33.1879997253418,19.9913330078125,704,56.8141975402832,120,9
"Diaphorina citri",18.333889,-64.728333,25.7747802734375,6.87412309646606,30.8052635192871,24.2938594818115,1217,35.6340675354004,180,137
"Diaphorina citri",17.743611,-64.77,26.5244998931885,7.35633373260498,31.576000213623,25.0179996490479,1100,40.6918792724609,211,47
"Diaphorina citri",-2.085556,-79.874722,25.408332824707,8.78200054168701,30.9720001220703,24.3899993896484,1131,117.888389587402,12,3
"Diaphorina citri",26.164167,-97.957778,23.1653327941895,11.3900003433228,35.2960014343262,20.5266666412354,630,52.5997734069824,104,23
"Diaphorina citri",27.527778,-81.430556,22.4610004425049,12.7566661834717,33.4640007019043,18.0060005187988,1204,59.2767753601074,162,40
"Diaphorina citri",30.491667,-88.382222,19.4416656494141,10.7400007247925,32.1679992675781,15.7413339614868,1653,17.6569881439209,397,11
"Diaphorina citri",34.285833,-119.022778,16.8889999389648,13.8280000686646,28.8080005645752,20.507999420166,400,104.333312988281,234,145
"Diaphorina citri",35.348056,-118.862778,18.162166595459,15.2376670837402,36.8720016479492,26.9673328399658,191,78.1165618896484,83,206
"Diaphorina citri",31.016111,-84.095278,19.0461673736572,13.1996669769287,33.0439987182617,20.0193328857422,1361,25.2882423400879,362,91
"Diaphorina citri",27.177778,-81.809444,22.6019992828369,12.8893327713013,33.4000015258789,18.3299999237061,1270,59.8090362548828,169,20
"Diaphorina citri",26.303333,-81.007222,23.2328338623047,11.6956663131714,33.0279998779297,18.496000289917,1322,61.5898857116699,141,14
"Diaphorina citri",-12.434528,-41.842556,20.3806667327881,11.8993339538574,28.2280006408691,19.2719993591309,683,73.1967086791992,38,1043
"Diaphorina citri",-12.489278,-41.725139,21.6888332366943,12.2036666870117,29.7560005187988,20.5206661224365,704,74.1826324462891,35,827
"Diaphorina citri",-23.028483,-49.107142,19.5476665496826,12.438666343689,28.1280002593994,16.6193332672119,1197,56.4895401000977,142,763
"Diaphorina citri",-23.607831,-48.141011,19.2170009613037,10.7773332595825,27.3799991607666,15.9213333129883,1179,54.9164619445801,133,638
"Diaphorina citri",-22.90485,-48.675557,19.405834197998,12.1703338623047,27.7439994812012,16.5179996490479,1287,61.5211524963379,140,787
"Diaphorina citri",-23.7786,-49.161789,19.6251659393311,11.9029998779297,28.3320007324219,16.1620006561279,1212,43.5705833435059,192,624
"Diaphorina citri",-23.065388,-49.049179,19.558666229248,12.4980001449585,28.1639995574951,16.6159992218018,1211,56.0670852661133,146,760
"Diaphorina citri",-22.759884,-48.122277,20.8508338928223,11.2663326263428,28.8279991149902,17.6439990997314,1243,67.4770126342773,100,507
"Diaphorina citri",-22.803046,-48.688862,19.8094997406006,12.1469993591309,28.1280002593994,16.8959999084473,1290,62.8899116516113,136,723
"Diaphorina citri",-23.076115,-48.788586,19.5795001983643,12.4676666259766,28.1240005493164,16.7333335876465,1267,59.3882141113281,145,768
"Diaphorina citri",-23.119952,-48.67487,19.1318340301514,12.1203336715698,27.507999420166,16.3159999847412,1281,58.4829063415527,150,839
"Diaphorina citri",-22.647316,-49.40358,20.8848342895508,12.5483331680298,29.503999710083,17.7633323669434,1284,58.7414245605469,144,548
"Diaphorina citri",-22.558863,-49.71944,20.6386661529541,12.5126657485962,29.4839992523193,17.2693328857422,1294,57.904354095459,158,553
"Diaphorina citri",-22.819582,-49.523938,20.4438323974609,12.4996671676636,29.1040000915527,17.238000869751,1351,55.1779670715332,167,603
"Diaphorina citri",-22.519858,-49.531014,20.9899997711182,12.5120000839233,29.6959991455078,17.7573337554932,1283,60.3649482727051,143,515
"Diaphorina citri",-22.640644,-49.58081,20.8444995880127,12.5116672515869,29.6159992218018,17.5846672058105,1318,57.7556800842285,158,530
"Diaphorina citri",-22.411974,-49.318496,20.8843326568604,12.2799997329712,29.1919994354248,17.9766674041748,1214,61.9799880981445,124,589
"Diaphorina citri",-21.851672,-48.810554,21.8061676025391,12.0883331298828,29.7320003509521,18.788667678833,1198,71.9809417724609,103,473
"Diaphorina citri",-21.711019,-48.913866,21.7688331604004,12.0936660766602,29.6079998016357,18.7940006256104,1206,72.1343536376953,101,506
"Diaphorina citri",-20.695268,-48.751769,22.7880001068115,12.1926670074463,30.1680011749268,20.1873340606689,1303,81.3424301147461,78,535
"Diaphorina citri",-20.537829,-48.930494,23.2205009460449,12.4350004196167,30.8080005645752,20.5906658172607,1301,80.9473648071289,83,480
"Diaphorina citri",-20.334708,-48.57723,23.1135005950928,12.2683334350586,30.7360000610352,20.542667388916,1352,78.9682922363281,82,492
"Diaphorina citri",-20.983349,-49.039268,22.5241661071777,12.2176666259766,29.7600002288818,19.8040008544922,1273,77.3038177490234,86,536
"Diaphorina citri",-20.802607,-48.911649,22.6525001525879,12.138334274292,29.9200000762939,20.0233345031738,1301,81.3488006591797,78,544
"Diaphorina citri",-21.025671,-48.959744,22.3863334655762,12.1000003814697,29.568000793457,19.6746673583984,1274,76.8567886352539,85,555
"Diaphorina citri",-20.873713,-48.858937,22.6908340454102,12.1763334274292,29.9640007019043,20.0393333435059,1300,81.5590896606445,77,528
"Diaphorina citri",-21.086395,-48.404324,21.9553337097168,11.7986669540405,29.1079998016357,19.3153343200684,1333,79.5126342773438,81,613
"Diaphorina citri",-20.96147,-48.660616,22.4571666717529,11.9676666259766,29.5200004577637,19.8406658172607,1330,80.693229675293,81,560
"Diaphorina citri",-20.44115,-48.55257,22.9211673736572,12.1429996490479,30.423999786377,20.3680000305176,1322,79.1230850219727,81,529
"Diaphorina citri",-19.628381,-48.908724,22.3651657104492,12.4736671447754,30.1040000915527,19.9419994354248,1537,76.938232421875,81,669
"Diaphorina citri",-19.736939,-48.972665,22.4026660919189,12.5766658782959,30.1399993896484,19.9739990234375,1536,76.5242691040039,83,672
"Diaphorina citri",-20.003089,-49.054029,23.0531673431396,12.9023332595825,30.9599990844727,20.554666519165,1506,76.9424057006836,87,565
"Diaphorina citri",-19.972923,-48.869986,22.9950008392334,12.8753337860107,30.992000579834,20.4766674041748,1579,76.0758972167969,91,567
"Diaphorina citri",-23.131389,-52.318889,20.0103340148926,12.315333366394,28.9479999542236,17.7473335266113,1278,32.9137916564941,250,481
"Diaphorina citri",-26.190833,-56.370556,21.9648323059082,11.131667137146,32.3680000305176,17.3400001525879,1481,28.8078117370605,242,127
"Diaphorina citri",-25.567778,-57.508333,22.3708324432373,10.7743339538574,32.6839981079102,17.7620010375977,1447,31.5372467041016,207,109
"Diaphorina citri",-23.226111,-57.008611,23.6946678161621,11.8360004425049,33.3240013122559,19.5033321380615,1417,39.0910835266113,164,120
"Diaphorina citri",-25.625833,-57.151944,22.3236656188965,10.7026672363281,32.568000793457,17.7360000610352,1553,28.6815624237061,239,105
"Diaphorina citri",-23.533889,-46.631944,19.1751670837402,9.48166656494141,26.7560005187988,16.3520011901855,1486,60.7188606262207,135,740
"Diaphorina citri",28.420833,-81.706111,21.9853324890137,12.223334312439,33.2680015563965,19.7126655578613,1233,49.5308227539062,205,38
"Diaphorina citri",27.243889,-80.83,22.9028339385986,12.0536670684814,33.1119995117188,18.8233337402344,1168,54.275218963623,146,10
"Diaphorina citri",16.254722,-61.561944,26.7880954742432,7.73095226287842,31.8904762268066,25.2611103057861,1553,39.1504516601562,199,9
"Diaphorina citri",17.1275,-61.846944,26.8336544036865,5.93012762069702,31.1000003814697,25.7871780395508,1101,37.5551376342773,157,22
"Diaphorina citri",19.280833,-81.273333,26.9437503814697,7.25059509277344,32.3571434020996,25.8880958557129,1458,59.0967292785645,157,8
"Diaphorina citri",17.923056,-77.140833,26.1436672210693,8.28933334350586,31.5400009155273,24.9133338928223,1045,55.3989906311035,144,49
"Diaphorina citri",18.471111,-69.909167,26.5418472290039,10.9489135742188,32.9391326904297,25.2608699798584,1644,41.9676094055176,220,33
"Diaphorina citri",-0.220783,35.184583,21.1053333282471,12.7473335266113,29.2959995269775,21.7280006408691,1390,32.4076957702637,332,1476
"Diaphorina citri",23.391,57.424,26.6783332824707,11.0306673049927,39.5480003356934,26.9346656799316,162,63.4469146728516,56,375
"Diaphorina citri",23.044,57.67,19.1318340301514,11.6350002288818,31.8600006103516,16.1346664428711,329,72.4379577636719,80,1840
"Diaphorina citri",23.706667,57.855833,27.5195007324219,11.1990003585815,39.7159996032715,30.259334564209,91,84.3731384277344,50,10
"Diaphorina citri",26.01,100.59,16.757833480835,12.2143335342407,27.3439998626709,10.7026662826538,781,69.1694412231445,49,1854
"Diaphorina citri",26.38,101.14,17.2600002288818,11.2726669311523,27.4039993286133,11.3280000686646,752,80.4004745483398,33,1845
"Diaphorina citri",27.48,102.21,13.3078336715698,10.5056667327881,23.1800003051758,6.85666656494141,922,97.1157150268555,19,2240
"Diaphorina citri",28.15,103.34,8.96833324432373,8.85799980163574,20.4720001220703,1.16999995708466,917,83.0840072631836,39,2334
"Diaphorina citri",25.38666667,114.9227778,19.7488327026367,8.63833332061768,33.5400009155273,12.0200004577637,1547,54.5260543823242,205,163
"Diaphorina citri",25.048333,109.988333,18.6744995117188,7.40433359146118,31.6079998016357,11.2046670913696,1881,70.1797561645508,210,309
"Diaphorina citri",25.15,105.91,19.3766670227051,8.25133323669434,30.4559993743896,11.4406671524048,1251,81.2813568115234,58,541
"Diaphorina citri",22.52,106.61,22.1196670532227,7.86399984359741,31.7119998931885,16.3073329925537,1409,80.0091018676758,84,265
"Diaphorina citri",25.4329,106.7642,18.1805000305176,8.22433376312256,30.2719993591309,9.60666656494141,1221,72.861198425293,69,469
"Diaphorina citri",22.34,106.79,22.5979995727539,7.95266628265381,32.4720001220703,15.4500007629395,1291,74.12109375,78,140
"Diaphorina citri",22.128056,107.078611,22.728832244873,7.76633310317993,32.507999420166,16.8939990997314,1367,76.0336380004883,88,121
"Diaphorina citri",23.1,108.28,21.8201675415039,7.76033306121826,32.5400009155273,15.4460000991821,1570,67.3204193115234,163,114
"Diaphorina citri",25.932938,108.5266,17.9230003356934,8.18733310699463,31.8080005645752,8.30999946594238,1196,62.463451385498,99,327
"Diaphorina citri",27.08,109.05,15.1440000534058,7.81799983978271,29.3640003204346,5.24599981307983,1215,56.5319709777832,113,731
"Diaphorina citri",25.52,109.06,17.845666885376,7.72066688537598,31.0839996337891,10.1333332061768,1444,63.4856986999512,143,421
"Diaphorina citri",21.47,109.12,22.9071750640869,6.3606481552124,31.7777767181396,17.2925930023193,1681,77.3591232299805,98,15
"Diaphorina citri",24.66,109.21,20.2251663208008,7.71033382415771,32.6720008850098,12.9766664505005,1627,67.5059051513672,181,119
"Diaphorina citri",26.19,109.37,16.3238334655762,7.84499979019165,30.1200008392334,6.55999994277954,1358,57.3910522460938,144,550
"Diaphorina citri",19.44,110,24.0303325653076,7.14933300018311,32.0439987182617,18.8899993896484,1715,72.898078918457,81,133
"Diaphorina citri",25.81,110.02,17.1140003204346,7.54199981689453,30.5359992980957,9.35000038146973,1592,60.2362289428711,181,456
"Diaphorina citri",20.02,110.19,24.341667175293,6.72266626358032,32.6399993896484,18.6499996185303,1703,70.1217269897461,87,14
"Diaphorina citri",25.24,110.21,19.0440006256104,7.45400047302246,32.2760009765625,11.4913330078125,1815,66.7776107788086,193,227
"Diaphorina citri",25.1192,110.303072,19.4908332824707,7.73966550827026,32.7599983215332,11.8946666717529,1826,66.5090179443359,196,150
"Diaphorina citri",25.48,110.35,18.4009990692139,7.43066644668579,31.7479991912842,10.771333694458,1717,63.346866607666,187,262
"Diaphorina citri",24.91,110.38,19.3478336334229,7.69166660308838,32.2039985656738,11.8893337249756,1792,66.316764831543,196,208
"Diaphorina citri",24.54,110.43,19.8851661682129,7.71966600418091,32.3359985351562,12.5666666030884,1711,65.1589736938477,182,181
"Diaphorina citri",22.55,110.59,18.8281669616699,7.0236668586731,28.1480007171631,13.1773328781128,1775,70.0823287963867,144,822
"Diaphorina citri",24.68,110.65,19.6809997558594,7.46133375167847,32.1440010070801,12.4119997024536,1698,64.376335144043,184,200
"Diaphorina citri",26.1,110.7,16.5498332977295,7.18833351135254,30.4640007019043,8.47133350372314,1515,55.0354614257812,188,486
"Diaphorina citri",24.87,110.83,19.7148342132568,7.75833368301392,32.5800018310547,12.2873334884644,1671,63.625129699707,183,178
"Diaphorina citri",26,111.05,18.2321662902832,7.30633354187012,32.560001373291,10.0473327636719,1471,54.539493560791,191,190
"Diaphorina citri",25.57,111.1,17.329833984375,7.15433311462402,30.8920001983643,9.47266674041748,1595,57.0656661987305,195,467
"Diaphorina citri",25.39,111.24,14.202166557312,6.65233325958252,26.6840000152588,6.8033332824707,1722,56.9415664672852,202,1176
"Diaphorina citri",24.95,111.4,19.0188331604004,7.97566604614258,32.1479988098145,11.4113330841064,1581,59.377254486084,189,309
"Diaphorina citri",25.35,111.47,18.8763332366943,7.63266658782959,32.7519989013672,10.8759994506836,1536,56.3225593566895,194,212
"Diaphorina citri",23.3804,111.63315,21.7036666870117,8.17933368682861,32.8839988708496,15.3553333282471,1654,67.4165573120117,155,105
"Diaphorina citri",23.03,112.27,21.1748332977295,7.33233308792114,31.4120006561279,15.2360000610352,1846,68.112434387207,150,253
"Diaphorina citri",23.58,112.78,21.2848339080811,7.64966678619385,32.4360008239746,15.0080003738403,1704,65.2114334106445,160,105
"Diaphorina citri",23.1613,113.3569,22.2180004119873,7.54599952697754,32.6759986877441,16.246000289917,1666,65.5950393676758,145,21
"Diaphorina citri",25.39,114.05,17.3039989471436,7.90399980545044,30.503999710083,9.72733306884766,1582,57.5448379516602,194,547
"Diaphorina citri",22.327877,114.211957,22.3725872039795,5.62061405181885,30.9263153076172,17.4640350341797,2189,78.7590713500977,106,104
"Diaphorina citri",25.47,114.25,18.0480003356934,8.14666652679443,31.6439990997314,10.3286666870117,1547,56.344898223877,196,391
"Diaphorina citri",25.39,114.45,18.6228332519531,8.10966682434082,32.1759986877441,10.8766670227051,1539,56.5707893371582,197,307
"Diaphorina citri",26.6,114.53,17.8353328704834,8.22000026702881,32.931999206543,9.25333309173584,1475,50.7578239440918,206,162
"Diaphorina citri",25.23,114.55,19.9331665039062,8.92966651916504,33.6399993896484,12.3553333282471,1556,57.6615791320801,195,162
"Diaphorina citri",25.51,114.55,19.4253330230713,8.60733318328857,33.5719985961914,11.5100002288818,1498,54.6428451538086,200,160
"Diaphorina citri",24.49,115.1,20.0713329315186,8.65133285522461,32.1399993896484,17.0826663970947,1699,61.0440292358398,197,268
"Diaphorina citri",26.12,115.37,18.2448329925537,8.06566715240479,32.476001739502,10.1686668395996,1554,53.7059860229492,213,291
"Diaphorina citri",24.57,115.38,19.7491664886475,8.54566669464111,31.7560005187988,16.779333114624,1675,59.3993148803711,194,323
"Diaphorina citri",25.5,116.01,17.1019992828369,8.36999988555908,29.6599998474121,10.0593338012695,1692,56.7867851257324,197,715
"Diaphorina citri",27.3,116.4,16.5238342285156,7.95566654205322,30.931999206543,8.33466625213623,1801,61.3356781005859,226,510
"Diaphorina citri",23.8,117.41,21.2598342895508,6.55833339691162,31.2600002288818,16.3600006103516,1311,64.9456634521484,117,50
"Diaphorina citri",24.74,117.77,20.945499420166,8.33899974822998,32.7919998168945,15.4440002441406,1174,58.978630065918,127,41
"Diaphorina citri",25.7,118.45,17.9860000610352,7.53466606140137,30.1919994354248,15.3380002975464,1405,61.0555877685547,152,496
"Diaphorina citri",27.82,118.46,17.6303329467773,9.07600021362305,32.2999992370605,9.7006664276123,1705,66.1422271728516,213,326
"Diaphorina citri",28.12,118.59,16.4424991607666,8.67233276367188,30.92799949646,8.52400016784668,1754,61.6588172912598,214,523
"Diaphorina citri",25.97,118.81,16.4451675415039,7.75233316421509,28.7000007629395,10.2880001068115,1577,60.2481727600098,168,794
"Diaphorina citri",26.1,119.31,20.5428333282471,7.19899988174438,33.6720008850098,14.3766670227051,1382,59.2979049682617,164,18
"Diaphorina citri",28.36,119.77,18.0623340606689,8.99066734313965,33.6399993896484,9.8953332901001,1465,50.1472663879395,181,73
"Diaphorina citri",27.5,120.4,17.7315006256104,7.54833316802979,31.2240009307861,10.949333190918,1524,52.473445892334,165,126
"Diaphorina citri",29.11,120.57,14.9006662368774,7.66866683959961,29.7639999389648,6.82200002670288,1497,47.8510284423828,172,434
"Diaphorina citri",29.08,121.01,15.7465000152588,7.27433347702026,30.2080001831055,7.91333341598511,1409,47.4732475280762,163,250
"Diaphorina citri",28.63,121.15,16.9064998626709,6.75566673278809,30.5839996337891,9.52266693115234,1434,47.4759750366211,163,55
"Diaphorina citri",28.38,121.2,17.056547164917,6.25277757644653,30.0428581237793,7.65714263916016,1479,45.9401893615723,174,64
"Diaphorina citri",28.55,121.25,17.3038330078125,6.75566673278809,30.7959995269775,10.0386667251587,1459,47.1655006408691,168,21
"Diaphorina citri",28.65,121.27,17.0154991149902,6.77499961853027,30.6399993896484,9.67799949645996,1481,48.2414360046387,167,85
"Diaphorina citri",29.29,121.51,16.6181659698486,7.09166669845581,30.7119998931885,9.02266693115234,1271,44.8867301940918,159,57
"Diaphorina citri",23.6994,120.9605,13.0930004119873,5.8546667098999,19.8400001525879,9.58133316040039,2649,66.5454559326172,217,1980
"Diaphorina citri",24.478889,118.090278,21.0726661682129,7.3633337020874,32.2600021362305,19.4733333587646,1087,60.2347297668457,117,28
"Diaphorina citri",28.4676,119.9228,17.5523338317871,8.65466690063477,33.0400009155273,9.40266704559326,1472,49.847412109375,178,177
"Diaphorina citri",22.8004,115.0983,21.8678245544434,6.59027814865112,30.8444442749023,16.6166667938232,1679,69.5969390869141,123,73
"Diaphorina citri",23.4004,114.4368,21.9551658630371,7.90766668319702,32.5,15.8306665420532,1831,67.7790908813477,156,34
"Diaphorina citri",22.7686,111.57,22.8266658782959,8.06533336639404,33.4599990844727,16.7173328399658,1826,71.5191802978516,140,51
"Diaphorina citri",24.7785,110.4966,19.6229991912842,7.38599967956543,32.2840003967285,12.2413330078125,1756,65.7102890014648,190,186
"Diaphorina citri",22.5246,109.3485,20.783166885376,6.78233337402344,30.8320007324219,14.5266666412354,1576,70.5482635498047,137,259
"Diaphorina citri",26.9651,114.2437,17.5771675109863,8.38433361053467,32.9440002441406,8.96599960327148,1504,49.064136505127,208,192
"Diaphorina citri",25.5246,111.6008,18.9034996032715,7.39900016784668,32.9720001220703,10.8020000457764,1503,54.8021049499512,194,179
"Diaphorina citri",18.8253,110.1302,23.5548324584961,6.86299991607666,30.6040000915527,20.1439990997314,1656,72.7502059936523,90,329
"Diaphorina citri",19.5703,110.1973,24.3859996795654,7.14666652679443,32.6079978942871,19.076000213623,1713,71.0761642456055,86,46
"Diaphorina citri",27.0792,102.7626,16.9491672515869,10.5356664657593,27.1160011291504,10.043999671936,876,95.5410690307617,20,1493
"Diaphorina citri",25.8273,100.5751,19.1086673736572,12.5193338394165,29.4759998321533,12.8819999694824,797,71.5617752075195,47,1472
"Diaphorina citri",24.9875,98.8624,20.8981666564941,11.2896671295166,30.1079998016357,14.6593332290649,1486,90.8322906494141,62,824
"Diaphorina citri",24.0219,97.8635,21.0906658172607,11.7879991531372,30.2919998168945,15.0953330993652,1446,92.8437347412109,33,791
"Diaphorina citri",23.5892,103.3168,18.2646675109863,10.1346664428711,27.1679992675781,12.4493341445923,1024,89.1766510009766,37,1320
"Diaphorina citri",28.5147,121.019727,16.6771659851074,6.25500011444092,30.0319995880127,9.48799991607666,1460,47.1038093566895,168,95
"Diaphorina citri",24.355,109.324,20.2596664428711,7.44266653060913,32.2719993591309,13.1619997024536,1595,66.591796875,190,166
"Diaphorina citri",25.0742,114.8642,18.8374996185303,8.27299976348877,31.7679996490479,11.3993330001831,1637,57.9887962341309,202,373
"Diaphorina citri",21.79888889,109.2152778,22.1809997558594,6.98466682434082,31.8279991149902,16.1919994354248,1668,74.4478759765625,111,33
"Diaphorina citri",23.06388889,112.465,22.5049991607666,7.12333393096924,32.7760009765625,16.6273345947266,1798,66.8360900878906,148,9
"Diaphorina citri",28.26527778,103.5708333,13.1788330078125,8.51366710662842,25.7719993591309,4.45266675949097,897,81.0841369628906,40,1404
"Diaphorina citri",19.74555556,110.01,24.44700050354,7.32533359527588,32.9360008239746,18.9820003509521,1732,72.1605758666992,83,34
"Diaphorina citri",20.043056,110.324167,24.4263896942139,6.21759271621704,32.6555557250977,18.6925926208496,1707,69.148796081543,91,4
"Diaphorina citri",22.918056,110.993611,22.109167098999,7.74233341217041,32.4640007019043,15.9646663665771,1672,69.9092636108398,144,167
"Diaphorina citri",25.85861389,114.9301556,19.5750007629395,8.06533336639404,33.931999206543,11.4693336486816,1470,49.4722938537598,225,112
"Diaphorina citri",24.96081667,115.6462472,19.5153331756592,9.14999961853027,32.3959999084473,12.4113330841064,1650,59.1124496459961,186,323
"Diaphorina citri",24.81960556,115.1784556,19.4318332672119,8.63233375549316,31.9919986724854,16.2006664276123,1659,59.2687072753906,196,305
"Diaphorina citri",25.84408889,115.6184611,18.6303329467773,8.2480001449585,32.3800010681152,10.8360004425049,1568,55.5118827819824,206,296
"Diaphorina citri",25.662203,114.750597,19.3401660919189,8.54433345794678,33.7159996032715,11.2906665802002,1496,52.6844139099121,208,156
"Diaphorina citri",25.664681,114.094736,17.4908332824707,8.03699970245361,31.2999992370605,9.56666660308838,1532,55.1094856262207,197,449
"Diaphorina citri",25.793889,114.417778,18.3540000915527,8.22933387756348,32.6800003051758,10.3179998397827,1492,53.2490005493164,201,266
"Diaphorina citri",25.0111,105.8534,18.849666595459,8.19133281707764,29.7040004730225,10.956000328064,1271,82.8401336669922,57,652
"Diaphorina citri",25.346,118.106918,18.0750007629395,8.22866630554199,30.0400009155273,12.2786664962769,1384,59.7387008666992,147,545
"Diaphorina citri",-4.551667,39.119167,26.1243324279785,9.13199996948242,33.3120002746582,27.7319984436035,1092,59.8822364807129,208,74
"Diaphorina citri",-4.165,39.576389,26.0051670074463,8.43966674804688,32.6599998474121,27.6506671905518,1157,71.8808898925781,219,50
"Diaphorina citri",-7.123889,37.810833,24.9753322601318,8.93533325195312,31.0959987640381,22.67799949646,1598,68.1094360351562,114,438
"Diaphorina citri",21.1144,101.41234,22.3586673736572,10.9899997711182,31.1800003051758,17.8453330993652,1768,89.306396484375,76,758
"Diaphorina citri",30.267443,120.152792,16.8443336486816,8.13466644287109,32.9080009460449,8.0319995880127,1325,43.0261726379395,184,19
"Diaphorina citri",31.418714,73.079107,24.15016746521,13.1603336334229,40.5439987182617,19.3133335113525,362,107.438369750977,42,184
"Diaphorina citri",32.588169,73.497343,23.4230003356934,13.5340003967285,40.2840003967285,18.7093334197998,601,104.431304931641,84,212
"Diaphorina citri",32.003973,72.723141,24.0543327331543,14.0686664581299,41.2400016784668,19.1093330383301,398,104.496292114258,47,185
"Diaphorina citri",32.286612,72.430253,23.7980003356934,14.2026662826538,41.0040016174316,18.8226661682129,386,97.3422775268555,50,181
"Diaphorina citri",31.592714,73.050454,23.4076671600342,13.3373336791992,39.7799987792969,18.5513343811035,367,106.198120117188,44,187
"Diaphorina citri",30.198381,71.468703,25.4860000610352,14.4986667633057,42.2119979858398,20.3806667327881,153,107.743751525879,23,125
"Diaphorina citri",32.113041,73.935097,23.1391658782959,13.3716659545898,39.992000579834,18.5746669769287,521,105.519416809082,70,215
"Diaphorina citri",-21.332838,55.471843,23.2609996795654,6.76599931716919,29.6319999694824,21.1700000762939,1186,49.6772117614746,168,165
"Diaphorina citri",23.885942,45.079162,25.996000289917,14.1453332901001,42.6840019226074,34.7306671142578,141,105.551734924316,34,952
"Diaphorina citri",1.338333,103.73,26.7741661071777,6.93566656112671,30.92799949646,27.0666656494141,2286,21.7522258758545,735,19
"Diaphorina citri",1.292778,103.834722,26.996166229248,6.93233346939087,31.1480007171631,27.2193336486816,2389,21.1909332275391,792,16
"Diaphorina citri",13.786902,100.512641,28.5511665344238,8.93499946594238,34.9680023193359,27.0746669769287,1324,86.5428161621094,60,9
"Diaphorina citri",26.302778,81.007222,25.550500869751,13.1603326797485,41.4200019836426,29.4179992675781,938,137.937164306641,44,118
"Diaphorina citri",27.016667,74.213611,25.7448329925537,14.8516674041748,40.9080009460449,17.7806663513184,365,149.460189819336,12,344
"Diaphorina citri",11.114444,78.6275,28.8264999389648,10.6949996948242,37.6599998474121,27.6253337860107,783,81.3495025634766,197,135
"Diaphorina citri",28.256389,94.701944,21.6704998016357,9.3769998550415,31.3320007324219,15.8806667327881,2616,83.6562957763672,122,354
"Diaphorina citri",22.2725,71.176944,25.9181671142578,13.317666053772,37.7639999389648,20.4906673431396,543,153.432174682617,4,286
"Diaphorina citri",15.320556,75.714167,25.3856658935547,11.4066667556763,36.3800010681152,25.7019996643066,670,84.5102233886719,43,628
"Diaphorina citri",24.672222,93.904444,21.1428337097168,10.5763330459595,29.3039989471436,16.0846672058105,2498,93.500244140625,69,775
"Diaphorina citri",27.535556,88.511389,18.8348331451416,10.4909992218018,27.7999992370605,14.2740001678467,2714,98.8475875854492,70,1182
"Diaphorina citri",10.858611,76.261944,27.3050003051758,8.08266639709473,34.560001373291,28.2080001831055,2776,103.688026428223,1725,62
"Diaphorina citri",23.020833,78.6525,26.24049949646,13.0243330001831,42.7760009765625,26.6459999084473,1215,145.648834228516,32,321
"Diaphorina citri",29.078611,76.079722,24.5151672363281,13.8129997253418,40.4599990844727,19.9519996643066,443,121.622993469238,33,218
"Diaphorina citri",32.100278,76.269167,21.5954990386963,10.5410003662109,36.1879997253418,17.4759998321533,1956,124.388069152832,211,695
"Diaphorina citri",15.938611,79.759444,28.6061668395996,10.0516662597656,39.4280014038086,26.5539989471436,819,87.513671875,94,84
"Diaphorina citri",26.223889,92.935833,23.0904998779297,9.60966682434082,31.1280002593994,16.8920001983643,1722,89.0678024291992,35,286
"Diaphorina citri",25.250833,92.088333,19.6871662139893,9.4176664352417,26.7719993591309,14.4160003662109,5406,106.564247131348,45,962
"Diaphorina citri",19.771667,75.338611,25.6743335723877,13.3940000534058,39.5800018310547,24.2019996643066,703,111.213256835938,34,620
"Diaphorina citri",23.95,91.986389,24.4981670379639,10.371000289917,32.484001159668,18.7439994812012,2128,81.3849563598633,45,83
"Diaphorina citri",28.706389,77.1,25.1746673583984,12.739333152771,40.1079978942871,16.7273330688477,677,137.520462036133,39,217
"Diaphorina citri",25.109722,85.296389,25.9091663360596,12.1723327636719,40.0439987182617,25.3540000915527,953,124.155990600586,29,66
"Diaphorina citri",13.584167,144.873611,26.3553333282471,5.3513331413269,29.9559993743896,25.8806667327881,2172,52.942008972168,274,132
"Diaphorina citri",13.390556,144.757778,26.9328708648682,5.76296281814575,30.5888900756836,26.5259265899658,2222,54.0448112487793,279,58
"Diaphorina citri",1.546944,110.691389,26.4986114501953,8.26111030578613,31.6000003814697,27.0263900756836,3691,35.2182197570801,1384,8
"Diaphorina citri",1.461111,110.42,26.6181659698486,8.29566669464111,31.7679996490479,26.9946670532227,3913,40.1437683105469,1545,14
"Diaphorina citri",1.460556,110.348889,26.9511661529541,8.83833312988281,32.2840003967285,27.3166656494141,4045,41.7879905700684,1626,15
"Diaphorina citri",5.955833,116.092778,27.2293338775635,7.5086669921875,31.9160003662109,27.2493324279785,2690,37.6315155029297,502,31
"Diaphorina citri",3.982778,102.418056,25.8950004577637,8.4680004119873,31.1639995574951,26.2026672363281,2245,29.0173587799072,589,130
"Diaphorina citri",-2.610556,141.010833,26.0560607910156,7.76515102386475,30.3090915679932,25.7045440673828,2360,20.8581390380859,482,123
"Diaphorina citri",-2.663056,141.271667,26.6333332061768,7.65833330154419,30.8499984741211,26.2916660308838,2536,20.8224411010742,532,38
"Diaphorina citri",-9.448056,147.193611,27.0476665496826,8.56333351135254,32.5040016174316,26.2953338623047,1475,60.4207305908203,175,70
"Diaphorina citri",-2.772778,134.043056,26.1966667175293,7.45333337783813,30.8120002746582,25.5313339233398,2844,27.7519187927246,465,173
"Diaphorina citri",32.654167,130.811667,15.6660003662109,8.90133380889893,30.7719993591309,7.92600011825562,2069,66.0040054321289,209,95
"Diaphorina citri",-7.588611,110.7025,26.0648326873779,8.47166633605957,31.1400012969971,25.6253337860107,2080,62.3921203613281,159,155
"Diaphorina citri",-8.4075,115.182778,23.6646671295166,7.42199993133545,27.9479999542236,22.7706661224365,2305,54.8934478759766,251,510
"Diaphorina citri",21.035389,105.850034,23.8206672668457,6.41333293914795,32.5559997558594,17.6200008392334,1633,79.9148025512695,65,14
"Diaphorina citri",25.031389,121.568056,21.8078327178955,6.19966650009155,31.992000579834,17.1679992675781,2955,26.4721717834473,535,49
"Diaphorina citri",-20.338889,57.541667,20.7581672668457,6.01100015640259,26.7479991912842,19.6126670837402,1851,47.636661529541,283,501
"Diaphorina citri",-20.975,55.66,23.0938339233398,6.26433324813843,28.8239994049072,22.0893325805664,1582,57.6468162536621,204,144
"Diaphorina citri",-1.403333,31.783056,20.613000869751,9.57266616821289,25.7639999389648,20.033332824707,1894,59.1156349182129,161,1246
"Diaphorina citri",-20.96027124,-47.49678594,20.2331657409668,10.824333190918,27.0960006713867,17.4599990844727,1545,72.9277648925781,105,888
"Diaphorina citri",-21.06379321,-46.82932814,18.8910007476807,11.3380002975464,25.8600006103516,15.8900003433228,1547,75.1722259521484,92,1060
"Diaphorina citri",-20.65735336,-47.32617911,20.8961658477783,10.5369997024536,27.5559997558594,18.0659999847412,1537,78.2307510375977,84,763
"Diaphorina citri",-20.12411537,-47.21994569,20.4026660919189,9.89333343505859,26.6959991455078,17.7760009765625,1577,80.0758972167969,75,892
"Diaphorina citri",-21.22480831,-47.25230512,20.2150001525879,11.4146671295166,27.2600002288818,17.3126659393311,1500,73.470100402832,102,862
"Diaphorina citri",-23.20452798,-47.81647263,20.183500289917,10.9383335113525,27.9559993743896,16.9506664276123,1161,65.1543121337891,99,533
"Diaphorina citri",-23.38691846,-47.43938894,19.4743328094482,10.0746669769287,26.9759998321533,16.2999992370605,1235,62.0772171020508,122,585
"Diaphorina citri",-23.20313579,-48.12722157,20.2576656341553,11.4286670684814,28.431999206543,17.0993328094482,1208,64.7842178344727,102,558
"Diaphorina citri",-23.24563999,-48.47366979,19.9816665649414,11.4573335647583,28.1879997253418,17.0093326568604,1244,60.722053527832,118,627
"Diaphorina citri",-22.80684331,-48.42576126,19.9209995269775,11.6040000915527,28.1520004272461,16.8853340148926,1296,65.3340759277344,111,680
"Diaphorina citri",-22.92333411,-48.96126111,20.0911674499512,12.5816669464111,28.6960010528564,17.1653327941895,1222,59.0233840942383,136,687
"Diaphorina citri",-23.05062592,-49.34099528,20.2674999237061,12.4863328933716,28.9039993286133,17.0793342590332,1263,54.6238136291504,154,613
"Diaphorina citri",-20.46312434,-48.72620685,22.9046669006348,12.1573333740234,30.3719997406006,20.3346672058105,1328,79.784538269043,81,536
"Diaphorina citri",-20.85378979,-48.31947417,22.5768337249756,11.8410005569458,29.9519996643066,20.0186672210693,1338,82.9581069946289,75,547
"Diaphorina citri",-21.00509705,-48.56075048,22.3856658935547,11.8866662979126,29.4759998321533,19.7646675109863,1323,80.2755432128906,80,561
"Diaphorina citri",-20.8411003,-48.95227662,22.7536659240723,12.2019996643066,30.007999420166,20.0500011444092,1289,80.7350158691406,78,507
"Diaphorina citri",-21.10406946,-49.05817582,22.3448333740234,12.0776672363281,29.5960006713867,19.5833339691162,1249,75.030403137207,91,538
"Diaphorina citri",-21.25992835,-48.83729616,22.1148338317871,12.0516662597656,29.4759998321533,19.3266658782959,1255,77.0147323608398,83,552
"Diaphorina citri",-21.3471947,-49.50265803,22.2648334503174,11.9803333282471,30.0599994659424,19.1879997253418,1192,70.3620529174805,107,420
"Diaphorina citri",-21.28660343,-49.19299536,22.4073333740234,12.2446670532227,30.0400009155273,19.4726676940918,1207,74.0251998901367,96,465
"Diaphorina citri",-22.27327484,-48.08122422,19.9581661224365,11.2776660919189,27.6079998016357,16.7733325958252,1333,72.5005493164062,89,699
"Diaphorina citri",-22.48070155,-48.17416904,19.5008335113525,11.1643333435059,27.3439998626709,16.3239994049072,1327,69.8072280883789,105,756
"Diaphorina citri",-22.232352,-47.73734463,19.5133323669434,11.1359996795654,26.8799991607666,16.4193325042725,1355,71.5406723022461,89,830
"Diaphorina citri",-21.91875378,-47.86716061,19.9581661224365,11.1296663284302,27.2560005187988,16.9759998321533,1397,70.4051818847656,91,804
"Diaphorina citri",-22.05639758,-48.27101813,20.7730007171631,11.485333442688,28.4039993286133,17.6719989776611,1308,72.5296936035156,86,601
"Diaphorina citri",-22.74943508,-49.6289403,20.9023342132568,12.5326662063599,29.7639999389648,17.5279998779297,1351,56.0911712646484,168,502
"Diaphorina citri",-21.95269501,-49.05931558,21.6655006408691,12.2136669158936,29.8599987030029,18.6073341369629,1158,68.1337585449219,112,481
"Diaphorina citri",-21.92543458,-49.39030607,21.4663333892822,12.4219999313354,29.9759998321533,18.2473335266113,1207,65.3612518310547,126,480
"Diaphorina citri",-22.16464904,-49.35621771,21.3776664733887,12.304666519165,29.7919998168945,18.2786674499512,1196,61.4133949279785,130,490
"Diaphorina citri",-21.78557653,-49.53803976,21.6564998626709,12.385666847229,30.0920009613037,18.3653335571289,1218,65.817024230957,128,434
"Diaphorina citri",-22.5291287,-49.18759737,20.8991661071777,12.3123331069946,29.1879997253418,18.0559997558594,1210,61.2166976928711,126,582
"Diaphorina citri",-22.45905779,-49.54497784,20.9029998779297,12.5413341522217,29.6439990997314,17.6420001983643,1286,60.6988258361816,145,526
"Diaphorina citri",-22.519234,-49.93889704,20.6590003967285,12.4466667175293,29.4600009918213,17.2339992523193,1217,56.6229248046875,157,534
"Diaphorina citri",-22.17765105,-49.98303834,20.5041675567627,11.9989995956421,29.0319995880127,17.1786670684814,1257,62.3528709411621,147,582
"Diaphorina citri",-22.23894766,-49.69026092,20.3048324584961,12.143666267395,28.8799991607666,17.0193328857422,1292,64.164909362793,146,625
"Diaphorina citri",-22.18755694,-50.17854846,21.2695007324219,12.2623338699341,29.9799995422363,17.8253326416016,1191,59.9819068908691,147,441
"Diaphorina citri",-21.65219049,-49.82557659,21.5733337402344,12.1906661987305,29.9039993286133,18.304666519165,1230,63.6742248535156,136,449
"Diaphorina citri",-22.26989969,-48.97180245,21.4471664428711,12.0463333129883,29.5240001678467,18.6506671905518,1145,65.0894165039062,120,528
"Diaphorina citri",-23.75853164,-47.76407159,18.4936676025391,10.0286664962769,26.2840003967285,15.1593332290649,1207,54.002555847168,131,677
"Diaphorina citri",-23.68352671,-48.31225403,18.929666519165,10.5260000228882,27.1079998016357,15.6366662979126,1190,52.8866920471191,141,688
"Diaphorina citri",-23.96035881,-48.87021236,18.6966667175293,11.3920001983643,27.7520008087158,14.9393329620361,1240,41.1589698791504,175,690
"Diaphorina citri",-23.8361307,-49.26499162,20.1075000762939,11.8976669311523,28.9400005340576,16.6053333282471,1210,42.007999420166,193,558
"Diaphorina citri",-23.44061696,-48.97510771,20.0306663513184,12.0959997177124,28.6679992675781,16.9233341217041,1170,52.7892150878906,149,623
"Diaphorina citri",-23.99390365,-48.18247184,18.7821674346924,10.1110000610352,27.0279998779297,15.2119998931885,1228,49.5783004760742,155,649
"Diaphorina citri",-23.03472238,-46.64293162,18.546667098999,10.2433338165283,25.9559993743896,15.4833335876465,1353,62.2796821594238,113,805
"Diaphorina citri",-22.64291683,-46.99542509,20.2518329620361,11.1023330688477,27.7919998168945,17.029333114624,1281,69.6175231933594,95,611
"Diaphorina citri",-22.45133781,-46.98839778,20.2080001831055,11.5993328094482,27.8559989929199,16.9806671142578,1343,73.4200820922852,88,672
"Diaphorina citri",-22.36930154,-47.1411348,20.5879993438721,11.797999382019,28.2199993133545,17.3199996948242,1318,73.8877029418945,84,625
"Diaphorina citri",-22.57677137,-47.29228582,20.4036674499512,11.3566665649414,28.0240001678467,17.0773334503174,1254,72.7627410888672,84,601
"Diaphorina citri",-22.65146417,-46.60102914,17.9670009613037,10.9899997711182,25.3560009002686,14.8673334121704,1447,66.8862609863281,109,1016
"Diaphorina citri",-22.45097782,-46.78701079,20.0093326568604,11.423999786377,27.5400009155273,16.8626670837402,1357,72.703857421875,92,684
"Diaphorina citri",-22.67370826,-47.77271602,20.9956665039062,11.4146661758423,28.8799991607666,17.6480007171631,1242,70.7751770019531,88,480
"Diaphorina citri",-22.51573547,-47.48046072,19.78733253479,11.3926668167114,27.3560009002686,16.4926662445068,1264,71.6254348754883,84,735
"Diaphorina citri",-22.30977952,-47.40991273,20.4051666259766,11.6870002746582,27.9680004119873,17.1413326263428,1323,74.1005783081055,84,689
"Diaphorina citri",-22.2324356,-47.02182001,20.6166667938232,11.8193330764771,28.2199993133545,17.4060001373291,1339,74.620491027832,80,642
"Diaphorina citri",-22.70549686,-47.20514523,20.5025005340576,10.9543342590332,27.8880004882812,17.2639999389648,1259,71.4959564208984,90,572
"Diaphorina citri",-21.63207613,-48.28778988,20.8506660461426,11.6793336868286,28.2600002288818,17.8899993896484,1328,76.0905075073242,95,668
"Diaphorina citri",-21.90898376,-48.79677459,21.958833694458,11.9670000076294,29.8479995727539,18.9246673583984,1192,71.3599166870117,105,438
"Diaphorina citri",-21.59252044,-48.76519132,21.8141670227051,12.0863332748413,29.5520000457764,18.8793334960938,1249,75.0380859375,94,530
"Diaphorina citri",-21.52190329,-49.2050111,22.2450008392334,12.1800003051758,30.1879997253418,19.1626663208008,1236,72.0355072021484,109,422
"Diaphorina citri",-21.35525385,-48.56457491,21.9103336334229,11.7620000839233,29.1240005493164,19.181999206543,1306,78.3916702270508,83,574
"Diaphorina citri",-21.60548612,-47.67635851,21.2498340606689,11.8570003509521,28.7840003967285,18.2546672821045,1424,71.9169235229492,111,649
"Diaphorina citri",-21.81389528,-46.85809267,20.1025009155273,11.9963331222534,27.6439990997314,17.0219993591309,1449,73.0860366821289,99,821
"Diaphorina citri",-21.49982961,-46.70775652,19.6078338623047,11.7950000762939,27.011999130249,16.5393333435059,1491,77.104362487793,89,903
"Diaphorina citri",-21.88893372,-47.07121984,21.00950050354,12.1723327636719,28.7199993133545,17.8799991607666,1303,74.8141860961914,88,669
"Diaphorina citri",-21.95345965,-47.3807623,21.845832824707,12.4169998168945,29.488000869751,18.7779998779297,1335,75.9403991699219,95,588
"Diaphorina citri",-21.50885143,-47.15715411,21.4771671295166,12.2996664047241,29.1639995574951,18.3346672058105,1366,75.7786560058594,93,582
"Diaphorina citri",-20.53215335,-49.22169412,23.0733337402344,12.4886665344238,30.6359996795654,20.4419994354248,1262,81.3721160888672,79,496
"Diaphorina citri",-20.19196223,-49.46174238,23.257833480835,12.8236665725708,31.1319999694824,20.6486663818359,1248,79.8628005981445,73,482
"Diaphorina citri",-20.51014198,-49.66868448,22.8343334197998,12.5033330917358,30.3360004425049,20.1073341369629,1215,79.0006637573242,82,503
"Diaphorina citri",-21.10101001,-49.6070307,22.5890007019043,12.2746667861938,30.2199993133545,19.6293334960938,1160,72.5753173828125,97,425
"Diaphorina citri",-20.78362991,-49.62471577,22.5400009155273,12.3166666030884,29.8839988708496,19.7859992980957,1220,75.0572814941406,96,512
"Diaphorina citri",-19.95408839,-48.99864163,23.1315002441406,12.8889999389648,31.0200004577637,20.6100006103516,1552,76.7948989868164,88,545
"Diaphorina citri",-19.11346994,-48.71723224,22.1153335571289,12.7113332748413,30.1480007171631,19.6433334350586,1507,79.3886795043945,67,717
"Diaphorina citri",-19.67729315,-48.20859031,22.1626663208008,11.8760004043579,29.5440006256104,19.8640003204346,1553,76.4318771362305,82,658
"Diaphorina citri",6.37331944,2.48901667,27.3524990081787,7.0533332824707,32.7399978637695,28.0483341217041,1265,75.916259765625,304,6
"Diaphorina citri",6.43464722,2.34270833,27.2996673583984,6.77466630935669,32.6759986877441,28.0839996337891,1175,75.2641983032227,297,8
"Diaphorina citri",6.4317,2.328175,27.4416656494141,7.52600002288818,33.2039985656738,28.1413326263428,1190,74.3449172973633,298,17
"Diaphorina citri",9.31865833,2.59710278,26.5921669006348,11.7390003204346,36.1599998474121,26.4273338317871,1115,86.6971664428711,594,375
"Diaphorina citri",10.29048611,3.38358889,26.4298324584961,12.1683330535889,36.1079978942871,25.6259994506836,1067,99.8198394775391,633,383
"Diaphorina citri",7.39147778,2.07520556,27.2350006103516,10.0780000686646,35.6759986877441,27.8659992218018,1052,65.1448745727539,412,155
"Diaphorina citri",7.20504722,2.190075,27.4834995269775,9.72833347320557,35.4039993286133,28.0960006713867,1033,63.7585411071777,371,94
"Diaphorina citri",26.07877,119.2969,20.6358337402344,7.23233318328857,33.7760009765625,18.3186664581299,1385,58.8700981140137,168,12
"Diaphorina citri",-5.22041,37.6593,20.6660003662109,10.4226665496826,28.3680000305176,18.3246669769287,829,61.9916343688965,73,960
"Diaphorina citri",-4.93511,39.1258,26.5011901855469,8.06666660308838,32.8285713195801,27.9928569793701,1015,68.0178375244141,158,6
"Diaphorina citri",-5.15616,37.6626,20.808500289917,10.4316663742065,28.5400009155273,18.4946670532227,786,61.8006706237793,67,941
"Diaphorina citri",0.16696,35.0844,17.6118335723877,12.0876665115356,25.5599994659424,18.1893329620361,1536,37.4128227233887,473,1988
"Diaphorina citri",-0.2073,35.1926,21.8701667785645,13.0549993515015,30.1760005950928,22.4806671142578,1275,33.4865798950195,295,1342
"Diaphorina citri",0.09243,35.1469,17.3596668243408,11.8813333511353,25.0359992980957,17.9106674194336,1524,36.9379653930664,443,2032
"Diaphorina citri",28.24,103.59,15.4280004501343,8.1026668548584,27.9440002441406,6.60200023651123,956,83.1349105834961,42,994
"Diaphorina citri",28.67,103.84,16.0983333587646,7.29333305358887,28.7560005187988,7.00733327865601,1141,84.3169555664062,51,719
"Diaphorina citri",22.38,106.84,22.5643329620361,7.91933345794678,32.4560012817383,15.3940000534058,1324,73.674934387207,83,155
"Diaphorina citri",23.11,113.28,22.3800010681152,7.29866647720337,32.5599975585938,16.4993343353271,1726,64.2996444702148,162,12
"Diaphorina citri",23.1029,113.30485,22.3088340759277,7.33366680145264,32.5599975585938,16.4160003662109,1685,65.1854400634766,150,8
"Diaphorina citri",28.62,121.18,16.1026668548584,6.62266635894775,29.6119995117188,8.79533290863037,1510,47.729362487793,170,253
"Diaphorina citri",28.63,121.24,17.3360004425049,6.84066677093506,31.011999130249,9.9573335647583,1450,48.0170021057129,164,7
"Diaphorina citri",25.455493,111.517058,18.8706665039062,7.48800039291382,32.8479995727539,10.8453330993652,1514,55.8929557800293,193,195
"Diaphorina citri",26.13262,119.344379,18.6268329620361,7.07433366775513,31.3039989471436,12.5333337783813,1461,59.3166961669922,166,333
"Diaphorina citri",28.38189,121.2122,16.5486660003662,6.05466651916504,29.3759994506836,7.17266654968262,1511,46.2790756225586,176,168
"Diaphorina citri",28.629,121.18,17.167667388916,6.80733346939087,30.8239994049072,9.78266716003418,1430,47.7770767211914,162,11
"Diaphorina citri",27.52964,120.367,17.8683338165283,7.57399988174438,31.4640007019043,11.0406665802002,1527,52.7079200744629,164,77
"Diaphorina citri",-7.402139,36.990556,24.2161674499512,9.34833240509033,31.0879993438721,22.089334487915,1243,85.86767578125,36,547
"Diaphorina citri",-7.547194,36.421861,24.2788333892822,9.59233379364014,31.2959995269775,22.5666656494141,1093,94.5941314697266,22,644
"Diaphorina citri",-7.792389,35.6985,19.0896663665771,10.5826663970947,26.8239994049072,17.0559997558594,686,112.567970275879,0,1639
"Diaphorina citri",1.23825,37.41127778,22.2234992980957,11.2556667327881,29.3759994506836,21.4993324279785,529,96.3213500976562,16,934
"Diaphorina citri",1.317583333,37.43927778,23.3798332214355,11.7230005264282,30.6800003051758,22.6793327331543,441,98.6918563842773,12,793
"Diaphorina citri",1.519638889,37.58152778,23.7213325500488,12.7326669692993,31.5520000457764,22.9220008850098,442,103.57746887207,9,840
"Diaphorina citri",1.8105,37.54380556,25.6534996032715,12.2410001754761,33.1440010070801,24.7040004730225,366,104.43782043457,10,532
"Diaphorina citri",1.819166667,37.58538889,25.7063331604004,12.3766670227051,33.3040008544922,24.7746658325195,347,106.58763885498,8,532
"Diaphorina citri",1.758416667,37.57230556,24.0984992980957,11.4029998779297,31.2880001068115,23.1626663208008,402,104.336845397949,9,767
"Diaphorina citri",3.490166667,38.57402778,25.2411670684814,10.7943325042725,34.0480003356934,23.3566665649414,410,100.06623840332,15,669
"Diaphorina citri",3.501527778,37.574,25.4025001525879,11.4010000228882,33.2799987792969,23.7986660003662,273,88.0122680664062,8,772
"Diaphorina citri",3.612916667,38.732,23.5026664733887,8.9293327331543,31.7479991912842,21.7426662445068,539,95.7062683105469,28,909
"Diaphorina citri",3.568916667,38.75761111,24.6898326873779,9.53966617584229,33.1399993896484,22.9833335876465,446,100.043762207031,18,691
"Diaphorina citri",3.263972222,40.06012778,25.6404991149902,11.168999671936,34.4440002441406,24.0286674499512,325,119.443145751953,5,606
"Diaphorina citri",3.18575,39.79413889,25.3144989013672,10.6709995269775,33.9199981689453,23.6059989929199,355,116.803192138672,6,664
"Diaphorina citri",3.2245,40.02283333,25.4886665344238,10.5693330764771,33.9679985046387,23.8600006103516,331,119.440147399902,5,636
"Diaphorina citri",4.165583333,39.57322222,23.0471668243408,10.9356670379639,32.007999420166,21.482666015625,429,113.29264831543,12,1024
"Diaphorina citri",4.295555556,39.44641667,22.7368335723877,11.1269998550415,31.7800006866455,21.1933326721191,457,109.206672668457,16,1046
"Diaphorina citri",4.560166667,39.13008333,22.433500289917,10.5236663818359,31.064001083374,20.9293327331543,488,102.58846282959,22,1064
"Diaphorina citri",4.321583333,39.52322222,22.9433326721191,11.46399974823,32.1479988098145,21.4079990386963,437,110.597030639648,14,1013
"Diaphorina citri",10.36524444,40.16085,22.9796676635742,12.0993328094482,33.3320007324219,20.7980003356934,690,79.4575119018555,54,1121
"Diaphorina citri",7.415472222,3.818166667,26.550500869751,9.01833343505859,34.2439994812012,27.3713340759277,1289,65.639030456543,467,192
"Diaphorina citri",7.854111111,3.177694444,26.4901657104492,10.1209993362427,35.1639976501465,27.4273319244385,1150,66.7306594848633,453,226
"Diaphorina citri",6.840444444,37.66744444,20.1735000610352,14.3716669082642,30.4519996643066,21.3773326873779,1505,53.8035507202148,577,1917
"Diaphorina citri",7.037722222,37.81391667,19.568000793457,14.6826667785645,29.9680004119873,20.0593338012695,1420,53.4671669006348,552,1920
"Diaphorina citri",7.002694444,37.67047222,20.0855007171631,14.4643335342407,30.2880001068115,20.6446666717529,1417,54.6938667297363,563,1849
"Diaphorina citri",6.912861111,37.57175,21.8519992828369,14.4340000152588,31.9039993286133,22.6453323364258,1285,54.4261207580566,508,1419
"Diaphorina citri",6.779777778,37.65941667,21.0201663970947,14.664999961853,31.4599990844727,22.0386657714844,1432,51.8143539428711,526,1765
"Diaphorina citri",6.746916667,37.888,21.5925006866455,15.1443328857422,32.0519981384277,22.3819999694824,1198,49.2299728393555,440,1575
"Diaphorina citri",6.844055556,37.66247222,19.9759998321533,14.0593328475952,30.011999130249,21.2140007019043,1519,54.2564964294434,584,1963
"Diaphorina citri",5.153444444,38.85794444,21.7518329620361,11.3423328399658,30.5359992980957,20.5233325958252,569,88.1239852905273,45,1213
"Diaphorina citri",6.986166667,37.56108333,21.7846660614014,14.4179992675781,31.923999786377,22.5960006713867,1286,56.2845802307129,522,1386
"Diaphorina citri",6.636527778,38.33425,18.5068340301514,15.4356660842896,28.6079998016357,18.2059993743896,1334,47.4210624694824,134,1799
"Diaphorina citri",6.825333333,37.64655556,20.6728324890137,14.4536666870117,30.9680004119873,21.7759990692139,1473,52.7256202697754,553,1829
"Diaphorina citri",7.613194444,39.07838889,13.2923336029053,14.3959999084473,22.5559997558594,12.4446668624878,1074,60.8993721008301,93,2530
"Diaphorina citri",6.715972222,38.73713889,13.1833333969116,14.2119998931885,22.4079990386963,13.2373332977295,1270,51.0927619934082,508,2632
"Diaphorina citri",6.041527778,39.23605556,20.5011672973633,13.0356664657593,29.5400009155273,20.3293342590332,891,69.6586303710938,215,1492
"Diaphorina citri",4.461638889,39.54075,22.5424995422363,10.9629993438721,31.5359992980957,21.009334564209,459,108.621688842773,16,1057
"Diaphorina citri",0.235333333,35.14575,17.6818332672119,12.4023332595825,25.9120006561279,18.2173328399658,1433,39.2664909362793,457,1986
"Diaphorina citri",0.206611111,35.22136111,17.6771659851074,12.6976661682129,26,18.1893329620361,1355,38.9668312072754,425,2000
"Diaphorina citri",19.512069,-154.911396,22.6143341064453,7.30200052261353,27.6639995574951,23.4939994812012,2455,30.3021411895752,750,105
"Diaphorina citri",21.298912,-157.817458,23.6576671600342,8.02266693115234,29.6240005493164,24.4139995574951,1354,50.6060523986816,494,164
"Diaphorina citri",22.598328,120.337708,24.6848335266113,7.24699974060059,32.0120010375977,20.7880001068115,2133,106.487892150879,58,14
"Diaphorina citri",-23.623706,-46.779577,18.5799999237061,9.39266681671143,26.1520004272461,15.6240005493164,1478,60.4225311279297,134,778
"Diaphorina citri",22.594057,120.333115,24.5588550567627,6.97951364517212,31.970832824707,20.6284732818604,1917,105.08487701416,55,8
"Diaphorina citri",-6.195153,106.895784,27.6153335571289,8.73400115966797,32.9599990844727,27.6806678771973,1994,59.6172561645508,902,9
"Diaphorina citri",10.474325,-64.170895,26.8791656494141,9.34166622161865,32.2999992370605,26.4722213745117,875,54.7856101989746,140,9
"Diaphorina citri",10.437793,-64.140301,26.8129997253418,9.65000057220459,32.3040008544922,26.4759998321533,906,55.9043273925781,128,16
"Diaphorina citri",11.139737,77.646748,27.6046657562256,10.5839996337891,36.3759994506836,27.0839996337891,621,82.56640625,152,242
"Diaphorina citri",21.298767,-157.686517,23.4753971099854,7.07063484191895,29,24.7777786254883,1428,54.8217964172363,549,117
"Diaphorina citri",18.850067,-98.932394,22.3484992980957,16.0276679992676,33.8880004882812,21.208667755127,902,105.123542785645,19,1387
"Diaphorina citri",19.351805,-99.164183,16.6903324127197,15.315333366394,27.1480007171631,14.3406667709351,755,95.8345489501953,25,2246
"Diaphorina citri",25.598473,-103.454612,21.4675006866455,16.9663333892822,35.7999992370605,19.4426670074463,226,72.1693496704102,24,1125
"Diaphorina citri",19.827781,-90.53001,26.636833190918,12.3863325119019,36.2760009765625,26.195333480835,1166,83.483772277832,84,22
"Diaphorina citri",21.077105,-89.655235,26.0060005187988,12.4286661148071,35.3320007324219,25.5733337402344,893,66.861198425293,101,7
"Diaphorina citri",34.126839,-118.253563,18.2506675720215,13.315333366394,30.9160003662109,22.7099990844727,411,101.568244934082,238,161
"Diaphorina citri",15.16451,120.606558,27.6093330383301,9.489333152771,35.0639991760254,27.1180000305176,2209,91.8240661621094,66,84
"Diaphorina citri",15.770283,-96.129483,27.1388339996338,9.76500034332275,33.6959991455078,25.8286666870117,1205,105.789756774902,17,67
"Diaphorina citri",34.044282,-118.198183,18.7398338317871,13.8143329620361,31.6480007171631,23.2560005187988,423,102.715057373047,244,137
"Diaphorina citri",26.074301,-80.308387,24.1146659851074,8.92399978637695,32.492000579834,19.7560005187988,1545,49.0590133666992,184,6
"Diaphorina citri",18.370194,-95.797665,25.8351669311523,10.2083330154419,35.0639991760254,25.1000003814697,1496,84.1166305541992,109,8
"Diaphorina citri",30.289243,-90.018829,19.7783336639404,10.7659997940063,32.8600006103516,20.5346660614014,1596,15.8977680206299,426,0
"Diaphorina citri",21.758693,111.604992,23.1184997558594,7.14299964904785,32.0599975585938,17.8053340911865,2108,74.9304351806641,121,17
"Diaphorina citri",10.186915,78.411075,28.3771667480469,9.45699977874756,36.6359977722168,27.0260009765625,1008,70.3453903198242,234,165
"Diaphorina citri",34.06694,-117.790031,17.913667678833,14.5946664810181,32.5880012512207,23.3633346557617,423,97.0849609375,235,272
"Diaphorina citri",26.701428,-80.238487,23.7386665344238,9.58266639709473,32.6079978942871,19.1100006103516,1486,43.2372169494629,193,13
"Diaphorina citri",26.080589,-80.244255,24.2784996032715,8.76099967956543,32.3920021057129,20.0100002288818,1573,46.5694389343262,198,8
"Diaphorina citri",25.851463,-80.136842,24.1636905670166,6.58928537368774,31.4642848968506,20.0750007629395,1498,53.1817359924316,165,5
"Diaphorina citri",27.868947,-82.307258,22.5221672058105,11.2103328704834,32.8479995727539,20.3906669616699,1270,56.5971450805664,199,21
"Diaphorina citri",33.852672,-117.852966,18.4616661071777,12.7626667022705,30.4680004119873,22.8733329772949,366,99.6523895263672,209,72
"Diaphorina citri",22.373071,114.171792,22.1843338012695,5.72399950027466,30.8519992828369,17.1773338317871,2165,78.8198471069336,105,140
"Diaphorina citri",-21.764082,-41.296985,24.0563335418701,9.30200004577637,31.5839996337891,21.6693325042725,1079,54.3566780090332,92,10
"Diaphorina citri",23.06448,120.195256,23.9658336639404,7.16233348846436,31.9839992523193,19.5240001678467,2135,98.4481582641602,106,4
"Diaphorina citri",18.54595,73.913695,24.8391666412354,12.6049995422363,36.6920013427734,23.1946659088135,719,104.571807861328,7,563
"Diaphorina citri",19.485111,-101.3607,16.1879997253418,16.1686668395996,28.2919998168945,16.0993328094482,990,101.169418334961,42,2241
"Diaphorina citri",28.561537,77.452072,25.0260009765625,13.5220003128052,40.7960014343262,28.0486660003662,794,136.722122192383,43,203
"Diaphorina citri",19.491987,-99.200535,16.7023334503174,15.8640003204346,27.492000579834,14.1940002441406,768,96.4724807739258,24,2250
"Diaphorina citri",17.451077,78.518806,26.765832901001,11.2269992828369,39.2039985656738,23.1900005340576,771,108.171890258789,22,537
"Diaphorina citri",34.183176,-118.189516,17.5879993438721,14.4026660919189,32.2879981994629,22.9086666107178,462,100.00072479248,261,378
"Diaphorina citri",26.182606,-98.173818,23.4091663360596,11.8889999389648,35.9480018615723,17.6806659698486,582,49.7724647521973,96,37
"Diaphorina citri",6.260783,-75.575979,21.3228340148926,10.8576669692993,27.6200008392334,21.1000003814697,2650,44.8557434082031,857,1563
"Diaphorina citri",28.036965,-81.765079,22.5508327484131,12.2896661758423,33.6159973144531,17.8073329925537,1250,53.7188301086426,188,46
"Diaphorina citri",21.40097,-157.80455,22.6351661682129,6.81766653060913,27.9160003662109,23.1186676025391,3946,22.4619407653809,1052,213
"Diaphorina citri",26.765823,-81.902085,23.1688327789307,11.571665763855,33.2599983215332,19.1760005950928,1303,67.524543762207,156,10
"Diaphorina citri",25.638244,-100.16949,21.8505001068115,13.6870002746582,34.423999786377,15.039999961853,768,78.9059143066406,65,494
"Diaphorina citri",34.022035,-118.120878,18.7348327636719,13.6076669692993,31.423999786377,23.2826671600342,399,102.633407592773,231,87
"Diaphorina citri",18.888749,-99.065659,22.6571674346924,16.0209999084473,34.6279983520508,20.2346668243408,875,107.161567687988,28,1230
"Diaphorina citri",28.198216,-82.228584,22.1284999847412,12.1070003509521,33.0480003356934,19.8799991607666,1288,51.7586975097656,218,29
"Diaphorina citri",20.669942,-103.408093,20.5541667938232,17.2516670227051,33.4360008239746,19.7973327636719,912,119.133522033691,32,1592
"Diaphorina citri",10.049452,76.316067,27.5590000152588,7.4466667175293,33.4679985046387,28.1620006561279,3174,94.7194595336914,1839,13
"Diaphorina citri",29.633447,-82.370696,20.6136665344238,13.1120004653931,33.1040000915527,17.7026672363281,1327,44.1189918518066,270,27
"Diaphorina citri",23.998461,120.595431,22.2433338165283,6.90333318710327,31.2320003509521,20.5960006713867,1822,84.2669143676758,132,121
"Diaphorina citri",23.751915,90.425774,25.9820003509521,9.35733318328857,33.8160018920898,20.2900009155273,2150,84.8901443481445,38,8
"Diaphorina citri",-21.281473,-48.399446,21.5761661529541,11.7996664047241,28.7119998931885,18.8279991149902,1326,78.1205673217773,85,636
"Diaphorina citri",30.314319,-90.087671,19.7520008087158,11.3033332824707,33.0120010375977,20.4433326721191,1610,15.3376026153564,427,0
"Diaphorina citri",30.395461,-90.124899,19.6760005950928,11.9926671981812,33.2200012207031,20.3226661682129,1594,14.9840965270996,413,13
"Diaphorina citri",26.23725,-98.17052,23.5205001831055,11.9863328933716,36.1679992675781,17.783332824707,583,50.4565200805664,97,36
"Diaphorina citri",-21.32595,-48.279762,21.8904991149902,12.0043334960938,29.2199993133545,19.0946674346924,1330,78.9502792358398,83,569
"Diaphorina citri",22.447551,-97.971476,24.6033325195312,10.2680006027222,33.3320007324219,22.7506675720215,955,85.955207824707,80,17
"Diaphorina citri",30.357836,-90.101618,19.7339992523193,11.5873336791992,33.1359977722168,20.4073333740234,1595,15.1719284057617,414,2
"Diaphorina citri",7.771256,-72.209005,22.1520004272461,9.18466663360596,27.4200000762939,21.800666809082,2180,43.191333770752,265,860
"Diaphorina citri",29.026601,79.414931,24.6060009002686,12.4613332748413,39.1640014648438,27.7573337554932,1421,130.458969116211,74,223
"Diaphorina citri",22.696246,113.836685,22.2533340454102,6.67666625976562,31.7080001831055,16.7613334655762,1870,74.0960845947266,116,87
"Diaphorina citri",25.142415,-80.395087,24.5943622589111,6.9985294342041,31.9294109344482,20.6480388641357,1255,59.8036003112793,130,6
"Diaphorina citri",23.890434,120.555972,22.8125,7.18633317947388,31.9599990844727,21.1319999694824,1637,86.0524978637695,108,36
"Diaphorina citri",19.714537,-156.03756,24.4130001068115,9.02333354949951,30.3479995727539,22.8893337249756,2088,23.5958557128906,504,98
"Diaphorina citri",25.103892,121.530267,21.451000213623,6.01533317565918,31.503999710083,16.8013343811035,2888,24.3511238098145,554,25
"Diaphorina citri",34.165156,-118.597932,16.8875007629395,14.0403327941895,31.9839992523193,21.996000289917,415,99.1962432861328,236,370
"Diaphorina citri",10.451218,-73.244957,28.3471660614014,10.7369995117188,34.8600006103516,27.9293327331543,1213,65.5541305541992,370,133
"Diaphorina citri",14.676041,121.0437,27.5139999389648,8.92599964141846,34.3800010681152,26.6340007781982,2605,89.4627990722656,135,61
"Diaphorina citri",10.537,-85.778,26.7734127044678,9.4761905670166,34,27.0714282989502,1691,100.659805297852,433,128
"Diaphorina citri",11.23577,-73.56502,27.3959999084473,9.14333343505859,32.8800010681152,26.808666229248,938,76.4522857666016,77,105
"Diaphorina citri",20.03716,-98.360312,14.6876668930054,15.1379995346069,25.5960006713867,12.2153329849243,566,72.7362213134766,29,2292
"Diaphorina citri",1.424783,103.837997,26.7094898223877,6.65509271621704,30.8666667938232,27.0472221374512,2305,23.4540576934814,767,12
"Diaphorina citri",22.409926,113.980131,22.420166015625,6.03300046920776,31.3040008544922,17.2479991912842,1966,78.4672393798828,97,95
"Diaphorina citri",34.081036,-117.620147,18.1803340911865,15.3386669158936,33.6080017089844,23.8933334350586,378,96.7019348144531,212,295
"Diaphorina citri",29.710563,-82.400262,20.2468338012695,13.2056665420532,32.8359985351562,17.261999130249,1338,44.7111206054688,270,50
"Diaphorina citri",25.52518,-103.431412,21.453498840332,16.0450000762939,35.2639999389648,19.5299987792969,250,75.128547668457,28,1173
"Diaphorina citri",33.80724,-118.176708,18.1563339233398,11.0326662063599,28.2280006408691,21.8386669158936,338,101.758636474609,198,21
"Diaphorina citri",33.965503,-118.431275,17.4309997558594,9.01000022888184,25.3519992828369,20.2999992370605,313,102.099403381348,185,14
"Diaphorina citri",30.323,-84.354,19.642333984375,12.8493328094482,32.9959983825684,16.0673332214355,1577,29.5490741729736,353,19
"Diaphorina citri",34.128953,-118.155222,18.0933322906494,14.5573329925537,32.4080009460449,23.1966667175293,493,103.73853302002,281,259
"Diaphorina citri",28.87746,-81.57309,21.4456672668457,12.6666669845581,33.0839996337891,16.2620010375977,1287,46.5159568786621,215,28
"Diaphorina citri",33.995258,-117.805908,17.3090000152588,14.1339998245239,31.5960006713867,22.4013328552246,440,98.6585845947266,247,305
"Diaphorina citri",1.31932,103.815835,26.9196662902832,6.989333152771,31.0920009613037,27.2553329467773,2379,20.6987972259521,779,24
"Diaphorina citri",18.769319,99.012217,26.0060005187988,12.0759992599487,36.3959999084473,22.1246662139893,1052,82.8500289916992,18,305
"Diaphorina citri",34.190941,-118.554833,17.921667098999,14.9426670074463,33.5480003356934,23.1886672973633,388,99.1555252075195,220,244
"Diaphorina citri",34.091838,-118.51541,16.4678325653076,12.6763334274292,30.0319995880127,20.8680000305176,429,98.6038360595703,244,417
"Diaphorina citri",34.030374,-118.48437,17.2059020996094,9.2097225189209,25.2291660308838,19.7798614501953,331,101.303611755371,192,46
"Diaphorina citri",34.104944,-118.496735,16.7903327941895,12.6853332519531,29.9640007019043,21.007999420166,420,99.4443054199219,240,355
"Diaphorina citri",28.464776,-81.37793,22.4055004119873,12.0616664886475,33.4799995422363,17.5073337554932,1220,52.5552978515625,187,33
"Diaphorina citri",33.913709,-117.845855,18.1978340148926,13.0016670227051,30.5,22.6793327331543,385,99.3639831542969,219,105
"Diaphorina citri",26.261708,-80.139222,24.1840000152588,9.14599990844727,32.7959976196289,19.808666229248,1549,44.2171173095703,203,9
"Diaphorina citri",34.048437,-117.082287,16.3098335266113,16.4276676177979,34.3400001525879,23.257999420166,351,79.4530258178711,173,840
"Diaphorina citri",25.032575,121.507366,22.0790004730225,6.41733312606812,32.3199996948242,17.4200000762939,2750,29.1242713928223,469,15
"Diaphorina citri",33.758499,-117.061119,17.5358333587646,18.0283336639404,36.7000007629395,24.5319995880127,348,83.1573867797852,177,605
"Diaphorina citri",1.359681,103.846893,26.9290008544922,6.66066646575928,30.988000869751,27.1126670837402,2372,22.0688171386719,790,22
"Diaphorina citri",29.244808,-110.838013,23.0431671142578,20.0650005340576,40.4959983825684,21.5860004425049,336,109.814559936523,63,277
"Diaphorina citri",27.364067,-99.472062,22.9476661682129,13.4526662826538,37.5960006713867,16.1673336029053,480,46.2421607971191,67,133
"Diaphorina citri",22.989127,87.007049,26.4823322296143,10.9840002059937,38.1119995117188,20.5353336334229,1256,106.689155578613,27,94
"Diaphorina citri",29.697614,-95.601116,20.9645004272461,11.7810001373291,34.7480010986328,16.9479999542236,1148,21.4257755279541,246,28
"Diaphorina citri",16.748075,74.884155,25.4873332977295,12.5406665802002,37.4599990844727,25.0786666870117,697,86.478385925293,39,559
"Diaphorina citri",24.237387,120.808672,20.6323337554932,6.9980001449585,29.4200000762939,19.0326671600342,2369,82.1736755371094,175,437
"Diaphorina citri",55.24241,10.28364,8.43466663360596,6.43200016021729,20.92799949646,3.48866677284241,643,19.3644351959229,144,29
"Diaphorina citri",55.367397,10.774101,8.74782562255859,5.39855051040649,20.8086948394775,3.61594200134277,554,20.452564239502,120,14
"Diaphorina citri",28.643659,-81.311409,22.1035003662109,12.0723333358765,33.4200019836426,17.1373329162598,1232,50.6663970947266,188,27
"Diaphorina citri",18.418035,-70.11788,25.9571666717529,10.3263330459595,32.2799987792969,24.6833324432373,1606,48.4645690917969,181,74
"Diaphorina citri",26.380554,-80.144249,23.9951667785645,9.05566692352295,32.7280006408691,19.5233345031738,1531,44.2683563232422,197,11
"Diaphorina citri",20.032,-97.106,23.7508335113525,9.62166690826416,32.0040016174316,20.3766670227051,1776,50.3376045227051,272,149
"Diaphorina citri",38.82081,-96.33162,12.0345001220703,12.3376665115356,31.8640003204346,-1.08600008487701,897,48.7137489318848,77,456
"Diaphorina citri",27.656625,-80.470131,22.7185001373291,11.2303333282471,32.6079978942871,18.7259998321533,1287,43.0584907531738,193,10
"Diaphorina citri",32.679009,-117.197771,17.4541664123535,7.76217937469482,24.7384624481201,20.5525646209717,267,93.0668182373047,141,6
"Diaphorina citri",18.779549,-70.43495,20.2211666107178,10.3870000839233,26.8680000305176,18.6693325042725,1366,35.2518043518066,218,931
"Diaphorina citri",51.350397,12.37155,9.60799980163574,8.08199977874756,24.1840000152588,1.25599992275238,529,25.2631168365479,100,113
"Diaphorina citri",9.173333,-74.256972,27.9489994049072,10.0506658554077,34.3640022277832,28.0973339080811,2004,61.9656105041504,587,20
"Diaphorina citri",9.035278,-75.768611,27.9486656188965,9.14799976348877,33.515998840332,28.0520000457764,1413,57.6962242126465,464,6
"Diaphorina citri",8.751667,-75.118611,27.9529991149902,9.46199893951416,34.1599998474121,28.2006664276123,2503,69.5973663330078,652,18
"Diaphorina citri",9.298806,-75.819167,27.4965000152588,8.62566661834717,32.6559982299805,27.6286659240723,1364,63.0262641906738,499,49
"Diaphorina citri",8.119167,-75.124667,27.621000289917,10.3699998855591,34.2840003967285,28.1186676025391,2294,60.666862487793,783,79
"Diaphorina citri",-6.384722,107.506599,26.529167175293,7.87900018692017,32.076000213623,26.6040000915527,1741,63.0091705322266,792,34
"Diaphorina citri",20.8,106.999722,22.7556667327881,5.58533334732056,30.7000007629395,18.0493335723877,1743,99.7175064086914,62,126
"Diaphorina citri",-11.524631,-54.355206,25.2616672515869,13.9433326721191,35.1959991455078,24.5006656646729,1938,81.3237457275391,50,337
"Diaphorina citri",23.5863,81.173004,25.2430000305176,12.5473337173462,41.5200004577637,30.046667098999,1089,142.968734741211,48,421
